step,time,x_ego,v_ego,lane_ego,x_slow,v_slow,lane_slow,x_side,v_side,lane_side,distance_front,safe_distance,front_gap_target,rear_gap_target,collision,safety_violation,unsafe_lane_change_attempt,lane_change_executed,a_ego,reward,a_nom,lane_cmd_nom,lane_cmd,use_safety_filter,scenario
1,0.1,2.0100000000000002,20.1,0,31.199170220047026,11.991702200470257,0,-3.997796755065578,20.022032449344216,1,29.189170220047025,15.05,999.0,6.007796755065579,False,False,False,False,1.0,1.9100000000000001,1.0,0,0,True,blocked_by_rear
2,0.2,4.030000000000001,20.200000000000003,0,32.39334158384223,11.941713637951992,0,-1.9975701844048381,20.0022657066074,1,28.363341583842228,15.100000000000001,999.0,6.027570184404839,False,False,False,False,1.0,1.9200000000000004,1.0,0,0,True,blocked_by_rear
3,0.30000000000000004,6.060000000000002,20.300000000000004,0,33.5839805065456,11.906389227033703,0,-0.0014202277964101562,19.961499566084278,1,27.5239805065456,15.150000000000002,999.0,6.061420227796413,False,False,False,False,1.0,1.9300000000000006,1.0,0,0,True,blocked_by_rear
4,0.4,8.090000000000003,20.300000000000004,0,34.771482031362744,11.87501524817147,0,1.993185336082448,19.946055638788582,1,26.68148203136274,15.150000000000002,999.0,6.096814663917556,False,False,False,False,0.0,2.0300000000000007,0.0,0,0,True,blocked_by_rear
5,0.5,10.120000000000005,20.300000000000004,0,35.9579512309222,11.864691995594537,0,3.98817906730134,19.94993731218892,1,25.837951230922194,15.150000000000002,999.0,6.131820932698664,False,False,False,False,0.0,2.0300000000000007,0.0,0,0,True,blocked_by_rear
6,0.6000000000000001,12.150000000000006,20.300000000000004,0,37.143612375625686,11.856611447034867,0,5.9850249935242,19.968459262228595,1,24.99361237562568,15.150000000000002,999.0,6.164975006475806,False,False,False,False,0.0,2.0300000000000007,0.0,0,0,True,blocked_by_rear
7,0.7000000000000001,14.180000000000007,20.300000000000004,0,38.326318042826486,11.827056672008018,0,7.985652094110969,20.00627100586769,1,24.14631804282648,15.150000000000002,999.0,6.194347905889038,False,False,False,False,0.0,2.0300000000000007,0.0,1,0,True,blocked_by_rear
8,0.8,16.210000000000008,20.300000000000004,0,39.504297585959264,11.77979543132781,0,9.987983869799521,20.02331775688553,1,23.294297585959256,15.150000000000002,999.0,6.222016130200487,False,False,False,False,0.0,2.0300000000000007,0.0,1,0,True,blocked_by_rear
9,0.9,18.24000000000001,20.300000000000004,0,40.681450177115714,11.771525911564524,0,11.990902543772531,20.029186739730104,1,22.441450177115705,15.150000000000002,999.0,6.249097456227478,False,False,False,False,0.0,2.0300000000000007,0.0,1,0,True,blocked_by_rear
10,1.0,20.27000000000001,20.300000000000004,0,41.85500663765812,11.735564605424047,0,13.99080223263639,19.99899688863859,1,21.58500663765811,15.150000000000002,999.0,6.27919776736362,False,False,False,False,0.0,2.0300000000000007,0.0,1,0,True,blocked_by_rear
11,1.1,22.30000000000001,20.300000000000004,0,43.031570543887284,11.765639062291601,0,15.995384537257443,20.04582304621053,1,20.731570543887273,15.150000000000002,999.0,6.304615462742568,False,False,False,False,0.0,2.0300000000000007,0.0,1,0,True,blocked_by_rear
12,1.2000000000000002,24.330000000000013,20.300000000000004,0,44.20626869189804,11.746981480107525,0,18.001890068035188,20.06505530777746,1,19.876268691898026,15.150000000000002,999.0,6.328109931964825,False,False,False,False,0.0,2.0300000000000007,0.0,1,0,True,blocked_by_rear
13,1.3,26.340000000000014,20.100000000000005,0,45.38473073143175,11.784620395337129,0,20.012341665447973,20.104515974127846,1,19.044730731431738,15.050000000000002,999.0,6.327658334552041,False,False,False,False,-2.0,1.6100000000000008,-2.0,1,0,True,blocked_by_rear
14,1.4000000000000001,28.330000000000016,19.900000000000006,0,46.559043213079164,11.743124816474106,0,22.01818381069309,20.058421452451135,1,18.229043213079148,14.950000000000003,999.0,6.311816189306928,False,False,False,False,-2.0,1.5900000000000007,-2.0,1,0,True,blocked_by_rear
15,1.5,30.30000000000002,19.700000000000006,0,47.73005399892222,11.710107858430563,0,24.027807380972497,20.096235702794075,1,17.430053998922205,14.850000000000003,999.0,6.272192619027521,False,False,False,False,-2.0,1.5700000000000007,-2.0,1,0,True,blocked_by_rear
16,1.6,32.25000000000002,19.500000000000007,0,48.89704825310361,11.669942541813867,0,26.036642027501955,20.08834646529458,1,16.64704825310359,14.750000000000004,999.0,6.213357972498066,False,False,False,False,-2.0,1.5500000000000007,-2.0,1,0,True,blocked_by_rear
17,1.7000000000000002,34.18000000000002,19.300000000000008,0,50.0686214025865,11.715731494828917,0,28.045808326881144,20.091662993791882,1,15.88862140258648,14.650000000000004,999.0,6.1341916731188775,False,False,False,False,-2.0,1.5300000000000007,-2.0,1,0,True,blocked_by_rear
18,1.8,36.090000000000025,19.10000000000001,0,51.2421133232089,11.734919206223964,0,30.05312978257039,20.073214556892488,1,15.152113323208873,14.550000000000004,999.0,6.036870217429634,False,False,False,False,-2.0,1.5100000000000011,-2.0,1,0,True,blocked_by_rear
19,1.9000000000000001,37.980000000000025,18.90000000000001,0,52.41747025310811,11.753569298992122,0,32.063797494978616,20.106677124082225,1,14.437470253108081,14.450000000000005,999.0,5.91620250502141,False,True,False,False,-2.0,-8.51,-2.0,1,0,True,blocked_by_rear
20,2.0,39.84500000000003,18.65000000000001,0,53.58801006578076,11.705398126726541,0,34.076966650536285,20.131691555576722,1,13.74301006578073,14.325000000000005,999.0,5.768033349463742,False,True,False,False,-2.5,-8.759999999999998,-2.0,1,0,True,blocked_by_rear
21,2.1,41.68500000000003,18.40000000000001,0,54.76343848934248,11.75428423561719,0,36.092617462637754,20.156508121014706,1,13.078438489342446,14.200000000000005,999.0,5.592382537362276,False,True,False,False,-2.5,-8.784999999999998,-2.0,1,0,True,blocked_by_rear
22,2.2,43.50000000000003,18.15000000000001,0,55.93667135282484,11.73232863482363,0,38.11116106802374,20.185436053859856,1,12.43667135282481,14.075000000000005,999.0,5.388838931976288,False,True,False,False,-2.5,-8.809999999999999,-2.0,1,0,True,blocked_by_rear
23,2.3000000000000003,45.29000000000003,17.90000000000001,0,57.105936476372975,11.692651235481396,0,40.12918360867148,20.180225406477447,1,11.815936476372947,13.950000000000005,999.0,5.160816391328545,False,True,False,False,-2.5,-8.834999999999999,-2.0,1,0,True,blocked_by_rear
24,2.4000000000000004,47.05500000000003,17.65000000000001,0,58.27928755495205,11.733510785790706,0,42.145142290802966,20.159586821314814,1,11.22428755495202,13.825000000000005,999.0,4.9098577091970625,False,True,False,False,-2.5,-8.86,-2.0,1,0,True,blocked_by_rear
25,2.5,48.79500000000003,17.40000000000001,0,59.45051638691698,11.71228831964934,0,44.15740125865563,20.12258967852664,1,10.65551638691695,13.700000000000005,999.0,4.637598741344398,False,True,False,False,-2.5,-8.884999999999998,-2.0,1,0,True,blocked_by_rear
26,2.6,50.51000000000003,17.15000000000001,0,60.616938888460616,11.66422501543637,0,46.171448581837694,20.14047323182063,1,10.106938888460583,13.575000000000005,999.0,4.338551418162339,False,True,False,False,-2.5,-8.909999999999998,-2.0,1,0,True,blocked_by_rear
27,2.7,52.20000000000003,16.90000000000001,0,61.780477671164256,11.635387827036377,0,48.18315137161348,20.11702789775785,1,9.580477671164225,13.450000000000005,999.0,4.016848628386555,False,True,False,False,-2.5,-8.934999999999999,-2.0,1,0,True,blocked_by_rear
28,2.8000000000000003,53.86500000000003,16.65000000000001,0,62.943932185460696,11.634545142964411,0,50.19038778684043,20.072364152269557,1,9.078932185460665,13.325000000000005,999.0,3.674612213159598,False,True,False,False,-2.5,-8.959999999999999,-2.0,1,0,True,blocked_by_rear
29,2.9000000000000004,55.50500000000003,16.40000000000001,0,64.10812787581206,11.641956903513613,0,52.19409148781644,20.037037009760137,1,8.603127875812028,13.200000000000005,999.0,3.3109085121835875,False,True,False,False,-2.5,-8.985,-2.0,1,0,True,blocked_by_rear
30,3.0,57.12000000000003,16.15000000000001,0,65.27321662153246,11.650887457203941,0,54.19979277239267,20.05701284576223,1,8.153216621532422,13.075000000000005,999.0,2.9202072276073636,False,True,False,False,-2.5,-9.009999999999998,-2.0,1,0,True,blocked_by_rear
31,3.1,58.710000000000036,15.90000000000001,0,66.43432871154113,11.611120900086725,0,56.20463461684709,20.048418444544186,1,7.724328711541091,12.950000000000005,999.0,2.5053653831529488,False,True,False,False,-2.5,-9.034999999999998,-2.0,1,0,True,blocked_by_rear
32,3.2,60.275000000000034,15.65000000000001,0,67.59738480312707,11.6305609158595,0,58.208618253996775,20.039836371496875,1,7.322384803127036,12.825000000000005,999.0,2.066381746003259,False,True,False,False,-2.5,-9.059999999999999,-2.0,1,0,True,blocked_by_rear
33,3.3000000000000003,61.81500000000003,15.40000000000001,0,68.75594042930248,11.585556261754109,0,60.212960855205615,20.043426012088425,1,6.940940429302451,12.700000000000005,999.0,1.6020391447944178,False,True,False,False,-2.5,-9.084999999999999,-2.0,1,0,True,blocked_by_rear
34,3.4000000000000004,63.330000000000034,15.15000000000001,0,69.91613400193009,11.601935726276087,0,62.217452347535044,20.044914923294254,1,6.586134001930056,12.575000000000005,999.0,1.1125476524649898,False,True,False,False,-2.5,-9.11,-2.0,1,0,True,blocked_by_rear
35,3.5,64.82000000000004,14.90000000000001,0,71.08077352211761,11.646395201875169,0,64.22280939026949,20.053570427344454,1,6.260773522117574,12.450000000000005,999.0,0.5971906097305464,False,True,False,False,-2.5,-9.134999999999998,-2.0,1,0,True,blocked_by_rear
36,3.6,66.28500000000004,14.65000000000001,0,72.249447061458,11.686735393403957,0,66.22454118004539,20.017317897759078,1,5.96444706145796,12.325000000000005,999.0,0.06045881995464697,False,True,False,False,-2.5,-9.159999999999998,-2.0,1,0,True,blocked_by_rear
37,3.7,67.72500000000004,14.40000000000001,0,73.4145133642709,11.650663028129033,0,68.2293468827084,20.04805702663003,1,5.689513364270866,12.200000000000005,0.5043468827083615,999.0,False,True,False,False,-2.5,-9.184999999999999,-2.0,1,0,True,blocked_by_rear
38,3.8000000000000003,69.14000000000004,14.15000000000001,0,74.57855643545366,11.640430711827586,0,70.23080612734257,20.014592446341723,1,5.43855643545362,12.075000000000005,1.0908061273425318,999.0,False,True,False,False,-2.5,-9.209999999999999,-2.0,1,0,True,blocked_by_rear
39,3.9000000000000004,70.53000000000004,13.90000000000001,0,75.74687459244038,11.68318156986719,0,72.2307430305742,19.999369032316274,1,5.216874592440334,11.950000000000005,1.7007430305741593,999.0,False,True,False,False,-2.5,-9.235,-2.0,1,0,True,blocked_by_rear
40,4.0,71.89500000000004,13.65000000000001,0,76.91770087045846,11.708262780180805,0,74.23293991365934,20.021968830851318,1,5.022700870458422,11.825000000000005,2.337939913659298,999.0,False,True,False,False,-2.5,-9.259999999999998,-2.0,1,0,True,blocked_by_rear
41,4.1000000000000005,73.23500000000004,13.40000000000001,0,78.0923602093886,11.746593389301387,0,76.23637351881503,20.034336051556878,1,4.85736020938856,11.700000000000005,3.0013735188149866,999.0,False,True,False,False,-2.5,-9.284999999999998,-2.0,0,0,True,blocked_by_rear
42,4.2,74.55000000000004,13.15000000000001,0,79.26952897265902,11.77168763270412,0,78.2382961073905,20.01922588575466,1,4.719528972658978,11.575000000000005,3.6882961073904568,999.0,False,True,False,False,-2.5,-9.309999999999999,-2.0,0,0,True,blocked_by_rear
43,4.3,75.84000000000005,12.90000000000001,0,80.44439701484708,11.748680421880623,0,80.24417755814792,20.05881450757427,1,4.604397014847038,11.450000000000005,4.404177558147879,999.0,False,True,False,False,-2.5,-9.334999999999999,-2.0,0,0,True,blocked_by_rear
44,4.4,77.10500000000005,12.65000000000001,0,81.61854596893386,11.741489540867752,0,82.25470740937683,20.105298512289107,1,4.513545968933812,11.325000000000005,5.149707409376788,999.0,False,True,False,False,-2.5,-9.36,-2.0,0,0,True,blocked_by_rear
45,4.5,78.34500000000004,12.40000000000001,0,82.79432933799882,11.757833690649596,0,84.26645421780783,20.11746808431002,1,4.449329337998776,11.200000000000005,5.921454217807792,999.0,False,True,False,False,-2.5,-9.384999999999998,-2.0,0,0,True,blocked_by_rear
46,4.6000000000000005,79.56000000000004,12.15000000000001,0,83.9662601667933,11.719308287944934,0,86.28269591882591,20.162417010180725,1,4.40626016679326,11.075000000000005,6.722695918825863,999.0,False,True,False,False,-2.5,-9.409999999999998,-2.0,0,0,True,blocked_by_rear
47,4.7,80.75000000000004,11.90000000000001,0,85.1376901169226,11.714299501292928,0,88.29972151598786,20.17025597161944,1,4.387690116922556,10.950000000000005,7.549721515987812,999.0,False,True,False,False,-2.5,-9.434999999999999,-2.0,0,0,True,blocked_by_rear
48,4.800000000000001,81.91500000000005,11.65000000000001,0,86.30820143507951,11.705113181569056,0,90.31411738295223,20.143958669643744,1,4.393201435079462,10.825000000000005,8.399117382952184,999.0,False,True,False,False,-2.5,-9.459999999999999,-2.0,0,0,True,blocked_by_rear
49,4.9,83.05500000000005,11.40000000000001,0,87.48274654844204,11.74545113362528,0,92.32925004478334,20.15132661831097,1,4.427746548441988,10.700000000000005,9.274250044783287,999.0,False,True,False,False,-2.5,-9.485,-2.0,0,0,True,blocked_by_rear
50,5.0,84.17000000000004,11.15000000000001,0,88.65232036507487,11.695738166328397,0,94.34555415575065,20.163041109673046,1,4.482320365074827,10.575000000000005,10.175554155750604,999.0,False,True,False,False,-2.5,-9.51,-2.0,0,0,True,blocked_by_rear
51,5.1000000000000005,85.26000000000005,10.90000000000001,0,89.82016063072543,11.678402656505606,0,96.36212884774054,20.165746919898808,1,4.5601606307253775,10.450000000000005,11.102128847740488,999.0,False,True,False,False,-2.5,-9.534999999999998,-2.0,0,0,True,blocked_by_rear
52,5.2,86.32500000000005,10.65000000000001,0,90.99186031736909,11.716996866436682,0,98.37727623733045,20.15147389589906,1,4.666860317369043,10.325000000000005,12.052276237330403,999.0,False,True,False,False,-2.5,-9.559999999999999,-2.0,0,0,True,blocked_by_rear
53,5.300000000000001,87.36500000000005,10.40000000000001,0,92.16764535552196,11.757850381528662,0,100.39365722807827,20.16380990747824,1,4.8026453555219035,10.200000000000005,13.028657228078217,999.0,False,True,False,False,-2.5,-9.584999999999999,-2.0,0,0,True,blocked_by_rear
54,5.4,88.38000000000005,10.15000000000001,0,93.33858860610329,11.709432505813318,0,102.41433259116353,20.206753630852614,1,4.958588606103234,10.075000000000005,14.034332591163476,999.0,False,True,False,False,-2.5,-9.61,-2.0,0,0,True,blocked_by_rear
55,5.5,89.37000000000005,9.90000000000001,0,94.5114408258598,11.72852219756501,0,104.4399811827533,20.256485915897763,1,5.141440825859746,9.950000000000005,15.069981182753253,999.0,False,True,False,False,-2.5,-9.635,-2.0,0,0,True,blocked_by_rear
56,5.6000000000000005,90.33500000000005,9.65000000000001,0,95.68101645069974,11.695756248399542,0,106.46200113183937,20.22019949086065,1,5.346016450699693,9.825000000000005,16.12700113183932,999.0,False,True,False,False,-2.5,-9.659999999999998,-2.0,0,0,True,blocked_by_rear
57,5.7,91.27500000000005,9.40000000000001,0,96.85491803017007,11.739015794703258,0,108.48598926254033,20.23988130700964,1,5.57991803017002,9.700000000000005,17.21098926254028,999.0,False,True,False,False,-2.5,-9.684999999999999,-2.0,0,0,True,blocked_by_rear
58,5.800000000000001,92.19000000000005,9.15000000000001,0,98.02447961136761,11.695615811975465,0,110.51253202376732,20.265427612269885,1,5.834479611367556,9.575000000000005,18.322532023767266,999.0,False,True,False,False,-2.5,-9.709999999999999,-2.0,0,0,True,blocked_by_rear
59,5.9,93.08000000000006,8.90000000000001,0,99.19657995444977,11.72100343082159,0,112.54330503034977,20.307730065824533,1,6.116579954449719,9.450000000000005,19.463305030349716,999.0,False,True,False,False,-2.5,-9.735,-2.0,0,0,True,blocked_by_rear
60,6.0,93.94500000000005,8.65000000000001,0,100.37079554511821,11.742155906684436,0,114.57032074655194,20.27015716202175,1,6.425795545118163,9.325000000000005,20.625320746551893,999.0,False,True,False,False,-2.5,-9.76,-2.0,0,0,True,blocked_by_rear
61,6.1000000000000005,94.78500000000005,8.40000000000001,0,101.54020993712506,11.694143920068417,0,116.59259857262289,20.22277826070952,1,6.755209937125002,9.200000000000005,21.807598572622837,999.0,False,True,False,False,-2.5,-9.784999999999998,-2.0,0,0,True,blocked_by_rear
62,6.2,95.60000000000005,8.15000000000001,0,102.70490739401211,11.646974568870496,0,118.61233850936988,20.197399367469828,1,7.104907394012059,9.075000000000005,23.012338509369826,999.0,False,True,False,False,-2.5,-9.809999999999999,-2.0,0,0,True,blocked_by_rear
63,6.300000000000001,96.39000000000006,7.900000000000009,0,103.87320513038598,11.682977363738784,0,120.63246675676028,20.201282473903994,1,7.483205130385926,8.950000000000005,24.242466756760223,999.0,False,True,False,False,-2.5,-9.834999999999999,-2.0,0,0,True,blocked_by_rear
64,6.4,97.15500000000006,7.650000000000009,0,105.04203108654671,11.68825956160736,0,122.65601531307428,20.235485563139953,1,7.887031086546656,8.825000000000005,25.50101531307422,999.0,False,True,False,False,-2.5,-9.86,-2.0,0,0,True,blocked_by_rear
65,6.5,97.89500000000005,7.400000000000009,0,106.20709877585865,11.650676893119352,0,124.67735570617839,20.213403931041068,1,8.312098775858601,8.700000000000005,26.782355706178336,999.0,False,True,False,False,-2.5,-9.885,-2.0,0,0,True,blocked_by_rear
66,6.6000000000000005,98.61000000000006,7.150000000000009,0,107.37302405788517,11.65925282026518,0,126.7033920567657,20.260363505873034,1,8.763024057885119,8.575000000000005,28.093392056765637,999.0,False,False,False,False,-2.5,0.09000000000000097,-2.0,0,0,True,blocked_by_rear
67,6.7,99.30500000000006,6.950000000000009,0,108.53955964210425,11.66535584219075,0,128.72461488024672,20.21222823481033,1,9.234559642104188,8.475000000000005,29.419614880246655,999.0,False,False,False,False,-2.0,0.29500000000000093,-2.0,0,0,True,blocked_by_rear
68,6.800000000000001,99.98000000000006,6.750000000000009,0,109.70910155305013,11.695419109458813,0,130.74316744646617,20.185525662194433,1,9.729101553050072,8.375000000000004,30.763167446466113,999.0,False,False,False,False,-2.0,0.2750000000000009,-2.0,0,0,True,blocked_by_rear
69,6.9,100.63500000000006,6.550000000000009,0,110.8817145159522,11.72612962902069,0,132.76059861912626,20.17431172660085,1,10.246714515952135,8.275000000000004,32.125598619126194,999.0,False,False,False,False,-2.0,0.2550000000000009,-2.0,0,0,True,blocked_by_rear
70,7.0,101.27000000000007,6.3500000000000085,0,112.05796289739986,11.762483814476633,0,134.78050100821372,20.199023890874567,1,10.787962897399794,8.175000000000004,33.51050100821365,999.0,False,False,False,False,-2.0,0.23500000000000087,-2.0,0,0,True,blocked_by_rear
71,7.1000000000000005,101.88500000000006,6.150000000000008,0,113.23477368118743,11.768107837875675,0,136.7967679495578,20.162669413440636,1,11.349773681187372,8.075000000000005,34.91176794955773,999.0,False,False,False,False,-2.0,0.21500000000000086,-2.0,0,0,True,blocked_by_rear
72,7.2,102.48000000000006,5.950000000000008,0,114.40718364187012,11.724099606826897,0,138.80924832545927,20.12480375901471,1,11.927183641870059,7.975000000000004,36.329248325459204,999.0,False,False,False,False,-2.0,0.19500000000000084,-2.0,0,0,True,blocked_by_rear
73,7.300000000000001,103.05500000000006,5.750000000000008,0,115.57503912133825,11.678554794681373,0,140.8178036426518,20.08555317192532,1,12.520039121338186,7.8750000000000036,37.76280364265173,999.0,False,False,False,False,-2.0,0.17500000000000082,-2.0,0,0,True,blocked_by_rear
74,7.4,103.61000000000007,5.550000000000008,0,116.74015169419246,11.651125728542159,0,142.82848884964815,20.106852069963587,1,13.130151694192392,7.775000000000004,39.21848884964808,999.0,False,False,False,False,-2.0,0.1550000000000008,-2.0,0,0,True,blocked_by_rear
75,7.5,104.14500000000007,5.350000000000008,0,117.90586143686723,11.657097426747573,0,144.83429961644612,20.0581076679795,1,13.76086143686716,7.675000000000004,40.68929961644605,999.0,False,False,False,False,-2.0,0.13500000000000079,-2.0,0,0,True,blocked_by_rear
76,7.6000000000000005,104.66000000000007,5.1500000000000075,0,119.06729092233888,11.61429485471652,0,146.84478314654407,20.104835300979527,1,14.407290922338817,7.575000000000004,42.18478314654401,999.0,False,False,False,False,-2.0,0.11500000000000077,-2.0,0,0,True,blocked_by_rear
77,7.7,105.15500000000007,4.950000000000007,0,120.22940141242974,11.621104900908515,0,148.85229960898863,20.075164624445627,1,15.074401412429665,7.475000000000003,43.69729960898856,999.0,False,False,False,False,-2.0,0.09500000000000075,-2.0,0,0,True,blocked_by_rear
78,7.800000000000001,105.63000000000007,4.750000000000007,0,121.3890351599663,11.596337475365548,0,150.86225432997395,20.099547209853135,1,15.759035159966231,7.3750000000000036,45.232254329973884,999.0,False,False,False,False,-2.0,0.07500000000000073,-2.0,0,0,True,blocked_by_rear
79,7.9,106.08500000000006,4.550000000000007,0,122.54562320231395,11.56588042347648,0,152.873022640232,20.10768310258046,1,16.460623202313883,7.275000000000004,46.78802264023193,999.0,False,False,False,False,-2.0,0.055000000000000715,-2.0,0,0,True,blocked_by_rear
80,8.0,106.52000000000007,4.350000000000007,0,123.70691144455247,11.612882422385312,0,154.88725923850495,20.142365982729462,1,17.186911444552408,7.175000000000003,48.367259238504886,999.0,False,False,False,False,-2.0,0.0350000000000007,-2.0,0,0,True,blocked_by_rear
81,8.1,106.93500000000007,4.150000000000007,0,124.86559816438248,11.58686719830007,0,156.9014335339206,20.141742954156335,1,17.930598164382403,7.075000000000003,49.96643353392052,999.0,False,False,False,False,-2.0,0.01500000000000068,-2.0,0,0,True,blocked_by_rear
82,8.200000000000001,107.33000000000007,3.9500000000000064,0,126.0254844413963,11.598862770138208,0,158.91889763833174,20.174641044111354,1,18.695484441396232,6.975000000000003,51.58889763833167,999.0,False,False,False,False,-2.0,-0.004999999999999338,-2.0,0,0,True,blocked_by_rear
83,8.3,107.70500000000007,3.750000000000006,0,127.18193863235658,11.564541909602816,0,160.93154750476467,20.126498664329095,1,19.476938632356507,6.8750000000000036,53.226547504764596,999.0,False,False,False,False,-2.0,-0.024999999999999356,-2.0,0,0,True,blocked_by_rear
84,8.4,108.06000000000007,3.550000000000006,0,128.33409304475404,11.521544123974738,0,162.94406082230694,20.125133175422796,1,20.27409304475397,6.775000000000003,54.884060822306864,999.0,False,False,False,False,-2.0,-0.044999999999999374,-2.0,0,0,True,blocked_by_rear
85,8.5,108.41500000000008,3.550000000000006,0,129.48731075176804,11.532177070140072,0,164.95726265422007,20.132018319131443,1,21.072310751767958,6.775000000000003,56.542262654219996,999.0,False,False,False,False,0.0,0.35500000000000065,0.0,0,0,True,blocked_by_rear
86,8.6,108.77000000000008,3.550000000000006,0,130.63870208287526,11.513913311072288,0,166.97535064767735,20.180879934572687,1,21.868702082875174,6.775000000000003,58.205350647677264,999.0,False,False,False,False,0.0,0.35500000000000065,0.0,0,0,True,blocked_by_rear
87,8.700000000000001,109.12500000000009,3.550000000000006,0,131.79089086617495,11.521887832996867,0,168.99224005286084,20.168894051835043,1,22.665890866174863,6.775000000000003,59.86724005286075,999.0,False,False,False,False,0.0,0.35500000000000065,0.0,0,0,True,blocked_by_rear
88,8.8,109.48000000000009,3.550000000000006,0,132.94358913166582,11.526982654908657,0,171.01158280235342,20.193427494925693,1,23.463589131665728,6.775000000000003,61.53158280235333,999.0,False,False,False,False,0.0,0.35500000000000065,0.0,0,0,True,blocked_by_rear
89,8.9,109.8350000000001,3.550000000000006,0,134.0979797260912,11.543905944253975,0,173.02857474742262,20.169919450691975,1,24.262979726091118,6.775000000000003,63.19357474742253,999.0,False,False,False,False,0.0,0.35500000000000065,0.0,0,0,True,blocked_by_rear
90,9.0,110.1900000000001,3.550000000000006,0,135.2480336688609,11.50053942769682,0,175.04426753447098,20.156927870483386,1,25.0580336688608,6.775000000000003,64.85426753447088,999.0,False,False,False,False,0.0,0.35500000000000065,0.0,0,0,True,blocked_by_rear
91,9.1,110.5450000000001,3.550000000000006,0,136.3993847867008,11.513511178398977,0,177.05706206161847,20.12794527147487,1,25.854384786700706,6.775000000000003,66.51206206161837,999.0,False,False,False,False,0.0,0.35500000000000065,0.0,0,0,True,blocked_by_rear
92,9.200000000000001,110.9000000000001,3.550000000000006,0,137.55326346007809,11.538786733772858,0,179.0655219535795,20.084598919610283,1,26.65326346007798,6.775000000000003,68.16552195357939,999.0,False,False,False,False,0.0,0.35500000000000065,0.0,0,0,True,blocked_by_rear
93,9.3,111.25500000000011,3.550000000000006,0,138.70474528444115,11.514818243630712,0,181.07702939117794,20.115074375984616,1,27.449745284441036,6.775000000000003,69.82202939117784,999.0,False,False,False,False,0.0,0.35500000000000065,0.0,0,0,True,blocked_by_rear
94,9.4,111.61000000000011,3.550000000000006,0,139.85316145163046,11.484161671893045,0,183.0899314375852,20.12902046407261,1,28.243161451630343,6.775000000000003,71.47993143758508,999.0,False,False,False,False,0.0,0.35500000000000065,0.0,0,0,True,blocked_by_rear
95,9.5,111.97500000000011,3.650000000000006,0,141.001824321911,11.486628702805419,0,185.10708156369645,20.171501261112546,1,29.02682432191088,6.825000000000003,73.13208156369635,999.0,False,False,False,False,1.0,0.2650000000000007,1.0,0,0,True,blocked_by_rear
96,9.600000000000001,112.35000000000011,3.750000000000006,0,142.1481201598964,11.462958379854129,0,187.11989130071456,20.12809737018095,1,29.798120159896285,6.8750000000000036,74.76989130071445,999.0,False,False,False,False,1.0,0.2750000000000007,1.0,0,0,True,blocked_by_rear
97,9.700000000000001,112.73500000000011,3.8500000000000063,0,143.2967666575147,11.486464976182996,0,189.13542281802808,20.155315173135275,1,30.561766657514582,6.925000000000003,76.40042281802796,999.0,False,False,False,False,1.0,0.2850000000000007,1.0,0,0,True,blocked_by_rear
98,9.8,113.13000000000011,3.9500000000000064,0,144.44949131365803,11.527246561433348,0,191.15527405603356,20.198512380054957,1,31.31949131365792,6.975000000000003,78.02527405603345,999.0,False,False,False,False,1.0,0.2950000000000007,1.0,0,0,True,blocked_by_rear
99,9.9,113.53500000000011,4.050000000000006,0,145.59735548553112,11.478641718730907,0,193.17246891490026,20.1719485886671,1,32.062355485531015,7.025000000000003,79.63746891490015,999.0,False,False,False,False,1.0,0.3050000000000006,1.0,0,0,True,blocked_by_rear
100,10.0,113.95000000000012,4.150000000000006,0,146.74638744097425,11.490319554431073,0,195.19415393697386,20.21685022073586,1,32.79638744097413,7.075000000000003,81.24415393697375,999.0,False,False,False,False,1.0,0.3150000000000006,1.0,0,0,True,blocked_by_rear
101,10.100000000000001,114.37500000000011,4.250000000000005,0,147.8999211576098,11.53533716635578,0,197.2164054909294,20.222515539555378,1,33.5249211576097,7.125000000000003,82.84140549092928,999.0,False,False,False,False,1.0,0.3250000000000005,1.0,0,0,True,blocked_by_rear
102,10.200000000000001,114.81000000000012,4.350000000000005,0,149.05761093774305,11.576897801332409,0,199.2400727069744,20.236672160450013,1,34.247610937742934,7.1750000000000025,84.43007270697427,999.0,False,False,False,False,1.0,0.3350000000000005,1.0,0,0,True,blocked_by_rear
103,10.3,115.25500000000012,4.450000000000005,0,150.2142007950177,11.565898572746534,0,201.26359982969035,20.235271227159703,1,34.959200795017566,7.225000000000002,86.00859982969023,999.0,False,False,False,False,1.0,0.34500000000000053,1.0,0,0,True,blocked_by_rear
104,10.4,115.71000000000012,4.550000000000004,0,151.37183375712155,11.57632962103853,0,203.2876224316214,20.24022601931056,1,35.66183375712143,7.275000000000002,87.57762243162128,999.0,False,False,False,False,1.0,0.3550000000000004,1.0,0,0,True,blocked_by_rear
105,10.5,116.17500000000013,4.650000000000004,0,152.53372853349248,11.618947763709176,0,205.3158323679088,20.282099362873918,1,36.358728533492354,7.325000000000002,89.14083236790867,999.0,False,False,False,False,1.0,0.36500000000000044,1.0,0,0,True,blocked_by_rear
106,10.600000000000001,116.65000000000012,4.7500000000000036,0,153.69457206599265,11.608435325001532,0,207.3486749294806,20.32842561571799,1,37.044572065992526,7.375000000000002,90.69867492948049,999.0,False,False,False,False,1.0,0.37500000000000033,1.0,0,0,True,blocked_by_rear
107,10.700000000000001,117.13500000000012,4.850000000000003,0,154.8521551551596,11.575830891669577,0,209.3777807862468,20.291058567661953,1,37.71715515515949,7.425000000000002,92.24278078624668,999.0,False,False,False,False,1.0,0.38500000000000034,1.0,0,0,True,blocked_by_rear
108,10.8,117.63000000000012,4.950000000000003,0,156.00608903590702,11.53933880747425,0,211.40694326466976,20.291624784229644,1,38.3760890359069,7.475000000000001,93.77694326466964,999.0,False,False,False,False,1.0,0.39500000000000035,1.0,0,0,True,blocked_by_rear
109,10.9,118.13500000000012,5.0500000000000025,0,157.15523816470719,11.49149128800167,0,213.4405854452049,20.33642180535141,1,39.02023816470707,7.525000000000001,95.30558544520478,999.0,False,False,False,False,1.0,0.40500000000000025,1.0,0,0,True,blocked_by_rear
110,11.0,118.65000000000012,5.150000000000002,0,158.30765844821906,11.524202835118743,0,215.46937781554746,20.287923703425623,1,39.65765844821894,7.575000000000001,96.81937781554734,999.0,False,False,False,False,1.0,0.41500000000000026,1.0,0,0,True,blocked_by_rear
111,11.100000000000001,119.17500000000013,5.250000000000002,0,159.45684069428668,11.491822460676248,0,217.4964908216337,20.271130060862305,1,40.28184069428656,7.625000000000001,98.32149082163357,999.0,False,False,False,False,1.0,0.42500000000000027,1.0,0,0,True,blocked_by_rear
112,11.200000000000001,119.71000000000012,5.350000000000001,0,160.60233290880242,11.45492214515734,0,219.5266987346412,20.30207913007496,1,40.8923329088023,7.675000000000001,99.81669873464108,999.0,False,False,False,False,1.0,0.43500000000000016,1.0,0,0,True,blocked_by_rear
113,11.3,120.25500000000012,5.450000000000001,0,161.74627248984498,11.439395810425669,0,221.56130772247204,20.346089878308298,1,41.49127248984486,7.7250000000000005,101.30630772247191,999.0,False,False,False,False,1.0,0.4450000000000002,1.0,0,0,True,blocked_by_rear
114,11.4,120.81000000000013,5.550000000000001,0,162.891032212687,11.447597228420378,0,223.599705030147,20.383973076749484,1,42.08103221268688,7.775,102.78970503014686,999.0,False,False,False,False,1.0,0.45500000000000007,1.0,0,0,True,blocked_by_rear
115,11.5,121.37500000000013,5.65,0,164.03923927998298,11.4820706729596,0,225.64215626100903,20.42451230862035,1,42.66423927998285,7.825,104.2671562610089,999.0,False,False,False,False,1.0,0.4650000000000001,1.0,0,0,True,blocked_by_rear
116,11.600000000000001,121.95000000000013,5.75,0,165.18704514993712,11.47805869954128,0,227.68507096003128,20.42914699022239,1,43.23704514993699,7.875,105.73507096003115,999.0,False,False,False,False,1.0,0.4750000000000001,1.0,0,0,True,blocked_by_rear
117,11.700000000000001,122.53500000000012,5.85,0,166.33783705580277,11.507919058656485,0,229.72584284757087,20.407718875395805,1,43.80283705580264,7.925,107.19084284757075,999.0,False,False,False,False,1.0,0.485,1.0,0,0,True,blocked_by_rear
118,11.8,123.13000000000012,5.949999999999999,0,167.4885314968946,11.506944410918479,0,231.7676058381869,20.417629906160393,1,44.358531496894486,7.975,108.63760583818679,999.0,False,False,False,False,1.0,0.495,1.0,0,0,True,blocked_by_rear
119,11.9,123.73500000000013,6.049999999999999,0,168.63438127074195,11.458497738473563,0,233.81030364288492,20.426978046980057,1,44.89938127074183,8.024999999999999,110.07530364288479,999.0,False,False,False,False,1.0,0.505,1.0,0,0,True,blocked_by_rear
120,12.0,124.35000000000012,6.149999999999999,0,169.7795678080792,11.451865373372508,0,235.85607505287177,20.457714099868543,1,45.429567808079085,8.075,111.50607505287165,999.0,False,False,False,False,1.0,0.5149999999999999,1.0,0,0,True,blocked_by_rear
121,12.100000000000001,124.97500000000012,6.249999999999998,0,170.92290679344742,11.433389853682044,0,237.90577534994387,20.49700297072106,1,45.9479067934473,8.125,112.93077534994374,999.0,False,False,False,False,1.0,0.5249999999999999,1.0,0,0,True,blocked_by_rear
122,12.200000000000001,125.61000000000013,6.349999999999998,0,172.06702435096847,11.441175575210497,0,239.95231574903224,20.465403990883807,1,46.45702435096834,8.174999999999999,114.34231574903211,999.0,False,False,False,False,1.0,0.5349999999999998,1.0,0,0,True,blocked_by_rear
123,12.3,126.25500000000012,6.4499999999999975,0,173.21402120082777,11.469968498593047,0,241.99997645989106,20.4766071085883,1,46.95902120082765,8.224999999999998,115.74497645989094,999.0,False,False,False,False,1.0,0.5449999999999998,1.0,0,0,True,blocked_by_rear
124,12.4,126.91000000000012,6.549999999999997,0,174.35655714340783,11.425359425800423,0,244.0468391075499,20.468626476588415,1,47.4465571434077,8.274999999999999,117.13683910754979,999.0,False,False,False,False,1.0,0.5549999999999998,1.0,0,0,True,blocked_by_rear
125,12.5,127.57500000000013,6.649999999999997,0,175.50088377435353,11.443266309456966,0,246.09788777298854,20.510486654386167,1,47.925883774353395,8.325,118.52288777298841,999.0,False,False,False,False,1.0,0.5649999999999997,1.0,0,0,True,blocked_by_rear
126,12.600000000000001,128.25000000000014,6.7499999999999964,0,176.64021442554812,11.393306511946102,0,248.15370402991746,20.558162569289273,1,48.39021442554798,8.374999999999998,119.90370402991732,999.0,False,False,False,False,1.0,0.5749999999999997,1.0,0,0,True,blocked_by_rear
127,12.700000000000001,128.93500000000014,6.849999999999996,0,177.7783108798902,11.38096454342068,0,250.21425812222998,20.605540923125105,1,48.843310879890055,8.424999999999997,121.27925812222983,999.0,False,False,False,False,1.0,0.5849999999999996,1.0,0,0,True,blocked_by_rear
128,12.8,129.63000000000014,6.949999999999996,0,178.917454495242,11.391436153518084,0,252.2781006726223,20.638425503923173,1,49.28745449524186,8.474999999999998,122.64810067262215,999.0,False,False,False,False,1.0,0.5949999999999996,1.0,0,0,True,blocked_by_rear
129,12.9,130.33500000000015,7.049999999999995,0,180.0573452256409,11.398907303988894,0,254.34322398499768,20.651233123753908,1,49.72234522564074,8.524999999999999,124.00822398499753,999.0,False,False,False,False,1.0,0.6049999999999996,1.0,0,0,True,blocked_by_rear
130,13.0,131.05000000000015,7.149999999999995,0,181.19509171885673,11.377464932158464,0,256.4092156307796,20.659916457819516,1,50.14509171885658,8.574999999999998,125.35921563077946,999.0,False,False,False,False,1.0,0.6149999999999995,1.0,0,0,True,blocked_by_rear
131,13.100000000000001,131.77500000000015,7.249999999999995,0,182.3353384297096,11.40246710852873,0,258.47879041492587,20.69574784146242,1,50.56033842970945,8.624999999999996,126.70379041492572,999.0,False,False,False,False,1.0,0.6249999999999996,1.0,0,0,True,blocked_by_rear
132,13.200000000000001,132.51000000000016,7.349999999999994,0,183.47813596244714,11.4279753273755,0,260.5503457715566,20.71555356630715,1,50.96813596244698,8.674999999999997,128.04034577155642,999.0,False,False,False,False,1.0,0.6349999999999995,1.0,0,0,True,blocked_by_rear
133,13.3,133.25500000000017,7.449999999999994,0,184.62457828948524,11.464423270380959,0,262.62012793815563,20.697821665990826,1,51.36957828948508,8.724999999999998,129.36512793815547,999.0,False,False,False,False,1.0,0.6449999999999995,1.0,0,0,True,blocked_by_rear
134,13.4,134.01000000000016,7.549999999999994,0,185.77272850443123,11.481502149459716,0,264.68941884411885,20.69290905963216,1,51.76272850443107,8.774999999999997,130.6794188441187,999.0,False,False,False,False,1.0,0.6549999999999995,1.0,0,0,True,blocked_by_rear
135,13.5,134.77500000000015,7.649999999999993,0,186.91969974689752,11.469712424662868,0,266.7578178635813,20.68399019462438,1,52.14469974689737,8.824999999999996,131.98281786358115,999.0,False,False,False,False,1.0,0.6649999999999994,1.0,0,0,True,blocked_by_rear
136,13.600000000000001,135.55000000000015,7.749999999999993,0,188.0656857851985,11.459860383009822,0,268.8243907225033,20.665728589220205,1,52.51568578519834,8.874999999999996,133.27439072250317,999.0,False,False,False,False,1.0,0.6749999999999994,1.0,0,0,True,blocked_by_rear
137,13.700000000000001,136.33500000000015,7.8499999999999925,0,189.2128910171787,11.472052319801852,0,270.8902660541336,20.65875331630233,1,52.87789101717854,8.924999999999997,134.55526605413343,999.0,False,False,False,False,1.0,0.6849999999999993,1.0,0,0,True,blocked_by_rear
138,13.8,137.13000000000014,7.949999999999992,0,190.36483426993814,11.519432527594578,0,272.95791939467813,20.676533405445763,1,53.234834269938005,8.974999999999996,135.827919394678,999.0,False,False,False,False,1.0,0.6949999999999993,1.0,0,0,True,blocked_by_rear
139,13.9,137.93500000000014,8.049999999999992,0,191.51376322158188,11.489289516437289,0,275.02483974531617,20.669203506380565,1,53.57876322158174,9.024999999999995,137.08983974531603,999.0,False,False,False,False,1.0,0.7049999999999993,1.0,0,0,True,blocked_by_rear
140,14.0,138.75000000000014,8.149999999999991,0,192.66112563562336,11.473624140414731,0,277.0947364839938,20.698967386776424,1,53.91112563562322,9.074999999999996,138.34473648399367,999.0,False,False,False,False,1.0,0.7149999999999992,1.0,0,0,True,blocked_by_rear
141,14.100000000000001,139.57500000000013,8.249999999999991,0,193.81228803255047,11.511623969271074,0,279.1686716422297,20.73935158235906,1,54.23728803255034,9.124999999999996,139.59367164222957,999.0,False,False,False,False,1.0,0.7249999999999992,1.0,0,0,True,blocked_by_rear
142,14.200000000000001,140.41000000000014,8.34999999999999,0,194.96507762760132,11.5278959505086,0,281.2403088830859,20.716372408562034,1,54.55507762760118,9.174999999999995,140.83030888308576,999.0,False,False,False,False,1.0,0.7349999999999991,1.0,0,0,True,blocked_by_rear
143,14.3,141.25500000000014,8.44999999999999,0,196.11539088966722,11.50313262065906,0,283.3154951033691,20.751862202831774,1,54.86039088966709,9.224999999999994,142.06049510336894,999.0,False,False,False,False,1.0,0.7449999999999991,1.0,0,0,True,blocked_by_rear
144,14.4,142.11000000000013,8.54999999999999,0,197.2659812981962,11.505904085289934,0,285.3937029344923,20.782078311232233,1,55.15598129819608,9.274999999999995,143.28370293449217,999.0,False,False,False,False,1.0,0.7549999999999991,1.0,0,0,True,blocked_by_rear
145,14.5,142.97500000000014,8.64999999999999,0,198.41729659189713,11.513152937009094,0,287.4742421908684,20.805392563760986,1,55.44229659189699,9.324999999999996,144.49924219086824,999.0,False,False,False,False,1.0,0.764999999999999,1.0,0,0,True,blocked_by_rear
146,14.600000000000001,143.85000000000014,8.74999999999999,0,199.56880200187268,11.515054099755499,0,289.5574902863495,20.832480954811174,1,55.71880200187255,9.374999999999995,145.70749028634935,999.0,False,False,False,False,1.0,0.774999999999999,1.0,0,0,True,blocked_by_rear
147,14.700000000000001,144.73500000000013,8.849999999999989,0,200.72099599175527,11.52193989882597,0,291.6403954806165,20.82905194267037,1,55.985995991755146,9.424999999999994,146.9053954806164,999.0,False,False,False,False,1.0,0.7849999999999989,1.0,0,0,True,blocked_by_rear
148,14.8,145.63000000000014,8.949999999999989,0,201.8716168707174,11.506208789621297,0,293.7189827683677,20.78587287751204,1,56.24161687071725,9.474999999999994,148.08898276836757,999.0,False,False,False,False,1.0,0.7949999999999989,1.0,0,0,True,blocked_by_rear
149,14.9,146.53500000000014,9.049999999999988,0,203.0210169914728,11.494001207554108,0,295.7933663168959,20.743835485281867,1,56.48601699147267,9.524999999999995,149.25836631689577,999.0,False,False,False,False,1.0,0.8049999999999989,1.0,0,0,True,blocked_by_rear
150,15.0,147.45000000000013,9.149999999999988,0,204.1752452833655,11.542282918927153,0,297.8645659939374,20.71199677041494,1,56.72524528336538,9.574999999999994,150.41456599393726,999.0,False,False,False,False,1.0,0.8149999999999988,1.0,0,0,True,blocked_by_rear
151,15.100000000000001,148.37500000000014,9.249999999999988,0,205.33259216223544,11.573468788699207,0,299.93951528742843,20.74949293491053,1,56.9575921622353,9.624999999999993,151.5645152874283,999.0,False,False,False,False,1.0,0.8249999999999988,1.0,0,0,True,blocked_by_rear
152,15.200000000000001,149.31000000000014,9.349999999999987,0,206.49182317362923,11.5923101139378,0,302.01515952504695,20.75644237618507,1,57.181823173629084,9.674999999999994,152.7051595250468,999.0,False,False,False,False,1.0,0.8349999999999987,1.0,0,0,True,blocked_by_rear
153,15.3,150.25500000000014,9.449999999999987,0,207.64766389939118,11.558407257619361,0,304.09047256289307,20.7531303784614,1,57.39266389939104,9.724999999999994,153.83547256289293,999.0,False,False,False,False,1.0,0.8449999999999988,1.0,0,0,True,blocked_by_rear
154,15.4,151.21000000000015,9.549999999999986,0,208.80195634566468,11.542924462734883,0,306.16303600031733,20.72563437424281,1,57.59195634566453,9.774999999999993,154.95303600031718,999.0,False,False,False,False,1.0,0.8549999999999988,1.0,0,0,True,blocked_by_rear
155,15.5,152.17500000000015,9.649999999999986,0,209.9571739106258,11.552175649611462,0,308.2337221361186,20.706861358013,1,57.78217391062566,9.824999999999992,156.05872213611846,999.0,False,False,False,False,1.0,0.8649999999999987,1.0,0,0,True,blocked_by_rear
156,15.600000000000001,153.15000000000015,9.749999999999986,0,211.11655453112164,11.593806204958296,0,310.30850462716944,20.747824910508157,1,57.96655453112149,9.874999999999993,157.1585046271693,999.0,False,False,False,False,1.0,0.8749999999999987,1.0,0,0,True,blocked_by_rear
157,15.700000000000001,154.13500000000013,9.849999999999985,0,212.2735063345553,11.569518034336516,0,312.3793960312277,20.70891404058256,1,58.13850633455516,9.924999999999994,158.24439603122758,999.0,False,False,False,False,1.0,0.8849999999999986,1.0,0,0,True,blocked_by_rear
158,15.8,155.13000000000014,9.949999999999985,0,213.42738776530913,11.538814307538427,0,314.45028327699276,20.708872457650447,1,58.297387765309,9.974999999999993,159.32028327699263,999.0,False,False,False,False,1.0,0.8949999999999986,1.0,0,0,True,blocked_by_rear
159,15.9,156.13500000000013,10.049999999999985,0,214.58355505274272,11.561672874335887,0,316.5182524671419,20.679691901491324,1,58.44855505274259,10.024999999999991,160.38325246714177,999.0,False,False,False,False,1.0,0.9049999999999986,1.0,0,0,True,blocked_by_rear
160,16.0,157.15000000000012,10.149999999999984,0,215.73720267576007,11.53647623017361,0,318.58973837604043,20.714859088984962,1,58.587202675759954,10.074999999999992,161.4397383760403,999.0,False,False,False,False,1.0,0.9149999999999986,1.0,0,0,True,blocked_by_rear
161,16.1,158.17500000000013,10.249999999999984,0,216.8900087859601,11.528061102000363,0,320.6623911356105,20.726527595700485,1,58.71500878595998,10.124999999999993,162.48739113561038,999.0,False,False,False,False,1.0,0.9249999999999984,1.0,0,0,True,blocked_by_rear
162,16.2,159.21000000000012,10.349999999999984,0,218.04015155755255,11.501427715924288,0,322.7310635677748,20.686724321643066,1,58.830151557552426,10.174999999999992,163.5210635677747,999.0,False,False,False,False,1.0,0.9349999999999984,1.0,0,0,True,blocked_by_rear
163,16.3,160.2550000000001,10.449999999999983,0,219.19045289931466,11.50301341762114,0,324.7995074098096,20.684438420348044,1,58.935452899314555,10.22499999999999,164.5445074098095,999.0,False,False,False,False,1.0,0.9449999999999984,1.0,0,0,True,blocked_by_rear
164,16.400000000000002,161.31000000000012,10.549999999999983,0,220.33728095751772,11.468280582030458,0,326.8691693141618,20.696619043522087,1,59.027280957517604,10.274999999999991,165.5591693141617,999.0,False,False,False,False,1.0,0.9549999999999984,1.0,0,0,True,blocked_by_rear
165,16.5,162.3750000000001,10.649999999999983,0,221.4845491169089,11.472681593911851,0,328.9403725919837,20.71203277821916,1,59.109549116908795,10.324999999999992,166.5653725919836,999.0,False,False,False,False,1.0,0.9649999999999984,1.0,0,0,True,blocked_by_rear
166,16.6,163.4500000000001,10.749999999999982,0,222.62826273170134,11.437136147924317,0,331.01409114797696,20.737185559932684,1,59.17826273170124,10.374999999999991,167.56409114797685,999.0,False,False,False,False,1.0,0.9749999999999982,1.0,0,0,True,blocked_by_rear
167,16.7,164.5350000000001,10.849999999999982,0,223.76919683789177,11.409341061904309,0,333.0880032222139,20.739120742369288,1,59.23419683789166,10.42499999999999,168.5530032222138,999.0,False,False,False,False,1.0,0.9849999999999982,1.0,0,0,True,blocked_by_rear
168,16.8,165.6300000000001,10.949999999999982,0,224.9129839043644,11.437870664726471,0,335.1571386007307,20.691353785168467,1,59.2829839043643,10.47499999999999,169.5271386007306,999.0,False,False,False,False,1.0,0.9949999999999982,1.0,0,0,True,blocked_by_rear
169,16.900000000000002,166.7350000000001,11.049999999999981,0,226.05501459543433,11.42030691069909,0,337.23000320301156,20.728646022808476,1,59.32001459543423,10.524999999999991,170.49500320301146,999.0,False,False,False,False,1.0,1.0049999999999981,1.0,0,0,True,blocked_by_rear
170,17.0,167.8500000000001,11.14999999999998,0,227.20049238258025,11.454777871459296,0,339.30325221121836,20.73249008206793,1,59.35049238258014,10.57499999999999,171.45325221121826,999.0,False,False,False,False,1.0,1.0149999999999981,1.0,0,0,True,blocked_by_rear
171,17.1,168.9750000000001,11.24999999999998,0,228.34963625246783,11.491438698875948,0,341.3809992793387,20.777470681203294,1,59.374636252467724,10.62499999999999,172.4059992793386,999.0,False,False,False,False,1.0,1.024999999999998,1.0,0,0,True,blocked_by_rear
172,17.2,170.1100000000001,11.34999999999998,0,229.5020441923317,11.524079398638882,0,343.4622875018974,20.812882225586947,1,59.39204419233161,10.67499999999999,173.35228750189728,999.0,False,False,False,False,1.0,1.034999999999998,1.0,0,0,True,blocked_by_rear
173,17.3,171.2550000000001,11.44999999999998,0,230.6504395662138,11.483953738820917,0,345.5450887677795,20.828012658821045,1,59.395439566213696,10.72499999999999,174.29008876777937,999.0,False,False,False,False,1.0,1.044999999999998,1.0,0,0,True,blocked_by_rear
174,17.400000000000002,172.4100000000001,11.54999999999998,0,231.8008701099774,11.504305437636182,0,347.62899244178806,20.839036740085707,1,59.3908701099773,10.77499999999999,175.21899244178795,999.0,False,False,False,False,1.0,1.054999999999998,1.0,0,0,True,blocked_by_rear
175,17.5,173.5750000000001,11.649999999999979,0,232.9542968063584,11.534266963809785,0,349.7082418279953,20.79249386207287,1,59.3792968063583,10.824999999999989,176.13324182799522,999.0,False,False,False,False,1.0,1.064999999999998,1.0,0,0,True,blocked_by_rear
176,17.6,174.7500000000001,11.749999999999979,0,234.11042589008494,11.561290837265283,0,351.78980850021003,20.815666722146823,1,59.36042589008483,10.87499999999999,177.03980850020992,999.0,False,False,False,False,1.0,1.0749999999999977,1.0,0,0,True,blocked_by_rear
177,17.7,175.93500000000012,11.849999999999978,0,235.26415195774445,11.537260676595118,0,353.8689458654129,20.791373652029037,1,59.32915195774433,10.92499999999999,177.9339458654128,999.0,False,False,False,False,1.0,1.0849999999999977,1.0,0,0,True,blocked_by_rear
178,17.8,177.1300000000001,11.949999999999978,0,236.41920105857827,11.550491008338131,0,355.9465362052317,20.775903398188145,1,59.28920105857816,10.974999999999989,178.8165362052316,999.0,False,False,False,False,1.0,1.0949999999999978,1.0,0,0,True,blocked_by_rear
179,17.900000000000002,178.3350000000001,12.049999999999978,0,237.57721604619215,11.58014987613886,0,358.02358800737056,20.77051802138849,1,59.242216046192056,11.024999999999988,179.68858800737047,999.0,False,False,False,False,1.0,1.1049999999999978,1.0,0,0,True,blocked_by_rear
180,18.0,179.5500000000001,12.149999999999977,0,238.73805852795388,11.608424817617276,0,360.10554452734567,20.819565199750873,1,59.188058527953785,11.074999999999989,180.55554452734557,999.0,False,False,False,False,1.0,1.1149999999999978,1.0,0,0,True,blocked_by_rear
181,18.1,180.7750000000001,12.249999999999977,0,239.89690349311095,11.588449651570667,0,362.18393110560334,20.783865782576683,1,59.121903493110864,11.12499999999999,181.40893110560324,999.0,False,False,False,False,1.0,1.1249999999999978,1.0,0,0,True,blocked_by_rear
182,18.2,182.01000000000008,12.349999999999977,0,241.05976154263152,11.628580495205593,0,364.2627332776499,20.78802172046542,1,59.049761542631444,11.174999999999988,182.2527332776498,999.0,False,False,False,False,1.0,1.1349999999999976,1.0,0,0,True,blocked_by_rear
183,18.3,183.25500000000008,12.449999999999976,0,242.22736699586062,11.6760545322911,0,366.34290149369644,20.80168216046561,1,58.97236699586054,11.224999999999987,183.08790149369636,999.0,False,False,False,False,1.0,1.1449999999999976,1.0,0,0,True,blocked_by_rear
184,18.400000000000002,184.51000000000008,12.549999999999976,0,243.39991157933582,11.725445834752149,0,368.42353041778443,20.806289240879906,1,58.889911579335745,11.274999999999988,183.91353041778436,999.0,False,False,False,False,1.0,1.1549999999999976,1.0,0,0,True,blocked_by_rear
185,18.5,185.77500000000006,12.649999999999975,0,244.5727204221501,11.728088428142701,0,370.5005136209031,20.76983203118712,1,58.797720422150036,11.324999999999989,184.72551362090306,999.0,False,False,False,False,1.0,1.1649999999999976,1.0,0,0,True,blocked_by_rear
186,18.6,187.05000000000007,12.749999999999975,0,245.7440863166742,11.71365894524109,0,372.5727590096948,20.72245388791676,1,58.694086316674145,11.374999999999988,185.5227590096947,999.0,False,False,False,False,1.0,1.1749999999999976,1.0,0,0,True,blocked_by_rear
187,18.7,188.33500000000006,12.849999999999975,0,246.9120561629935,11.679698463193054,0,374.64746077041355,20.74701760718751,1,58.57705616299344,11.424999999999986,186.31246077041348,999.0,False,False,False,False,1.0,1.1849999999999974,1.0,0,0,True,blocked_by_rear
188,18.8,189.63000000000005,12.949999999999974,0,248.0753300062121,11.632738432185933,0,376.72082796210475,20.733671916911884,1,58.44533000621206,11.474999999999987,187.0908279621047,999.0,False,False,False,False,1.0,1.1949999999999974,1.0,0,0,True,blocked_by_rear
189,18.900000000000002,190.93500000000006,13.049999999999974,0,249.24222731195908,11.668973057469737,0,378.796121930971,20.752939688662618,1,58.307227311959025,11.524999999999988,187.86112193097097,999.0,False,False,False,False,1.0,1.2049999999999974,1.0,0,0,True,blocked_by_rear
190,19.0,192.25000000000006,13.149999999999974,0,250.41103403912672,11.688067271676355,0,380.86830226784684,20.72180336875815,1,58.16103403912666,11.574999999999987,188.6183022678468,999.0,False,False,False,False,1.0,1.2149999999999974,1.0,0,0,True,blocked_by_rear
191,19.1,193.57500000000005,13.249999999999973,0,251.57925980910184,11.682257699751197,0,382.9412983787961,20.729961109492578,1,58.0042598091018,11.624999999999986,189.36629837879605,999.0,False,False,False,False,1.0,1.2249999999999974,1.0,0,0,True,blocked_by_rear
192,19.200000000000003,194.91000000000005,13.349999999999973,0,252.7523830961536,11.731232870517568,0,385.01133355199767,20.70035173201589,1,57.842383096153554,11.674999999999986,190.1013335519976,999.0,False,False,False,False,1.0,1.2349999999999972,1.0,0,0,True,blocked_by_rear
193,19.3,196.25500000000005,13.449999999999973,0,253.922983712223,11.706006160693804,0,387.078990456037,20.67656904039318,1,57.667983712222934,11.724999999999987,190.82399045603694,999.0,False,False,False,False,1.0,1.2449999999999972,1.0,0,0,True,blocked_by_rear
194,19.400000000000002,197.61000000000004,13.549999999999972,0,255.09608605242533,11.731023402023602,0,389.14621711335064,20.67226657313675,1,57.48608605242529,11.774999999999986,191.5362171133506,999.0,False,False,False,False,1.0,1.2549999999999972,1.0,0,0,True,blocked_by_rear
195,19.5,198.97500000000005,13.649999999999972,0,256.2647576870118,11.686716345864712,0,391.21352893307045,20.673118197197773,1,57.28975768701176,11.824999999999985,192.2385289330704,999.0,False,False,False,False,1.0,1.2649999999999972,1.0,0,0,True,blocked_by_rear
196,19.6,200.35000000000005,13.749999999999972,0,257.4305489232447,11.657912362329078,0,393.2838267952378,20.702978621673793,1,57.08054892324466,11.874999999999986,192.93382679523776,999.0,False,False,False,False,1.0,1.2749999999999972,1.0,0,0,True,blocked_by_rear
197,19.700000000000003,201.73500000000004,13.849999999999971,0,258.5943134732927,11.637645500479806,0,395.34940071752476,20.655739222869244,1,56.859313473292644,11.924999999999986,193.61440071752472,999.0,False,False,False,False,1.0,1.284999999999997,1.0,0,0,True,blocked_by_rear
198,19.8,203.13000000000005,13.94999999999997,0,259.7590123478353,11.646988745426269,0,397.418413044101,20.690123265762363,1,56.62901234783527,11.974999999999985,194.28841304410093,999.0,False,False,False,False,1.0,1.294999999999997,1.0,0,0,True,blocked_by_rear
199,19.900000000000002,204.53500000000005,14.04999999999997,0,260.9225213836186,11.63509035783249,0,399.4899239537845,20.71510909683498,1,56.38752138361852,12.024999999999984,194.95492395378446,999.0,False,False,False,False,1.0,1.304999999999997,1.0,0,0,True,blocked_by_rear
200,20.0,205.95000000000005,14.14999999999997,0,262.0861418341848,11.636204505662203,0,401.56184438151763,20.719204277331198,1,56.13614183418474,12.074999999999985,195.61184438151759,999.0,False,False,False,False,1.0,1.314999999999997,1.0,0,0,True,blocked_by_rear
201,20.1,207.37500000000006,14.24999999999997,0,263.2543566279616,11.682147937768379,0,403.63680441816575,20.74960036648106,1,55.879356627961556,12.124999999999986,196.2618044181657,999.0,False,False,False,False,1.0,1.324999999999997,1.0,0,0,True,blocked_by_rear
202,20.200000000000003,208.81000000000006,14.34999999999997,0,264.4178946524047,11.635380244430737,0,405.7138583273262,20.770539091604192,1,55.60789465240464,12.174999999999985,196.90385832732613,999.0,False,False,False,False,1.0,1.3349999999999969,1.0,0,0,True,blocked_by_rear
203,20.3,210.25500000000005,14.449999999999969,0,265.5810826916634,11.631880392587087,0,407.7953877259006,20.8152939857437,1,55.32608269166337,12.224999999999984,197.54038772590053,999.0,False,False,False,False,1.0,1.3449999999999969,1.0,0,0,True,blocked_by_rear
204,20.400000000000002,211.71000000000004,14.549999999999969,0,266.74148505826537,11.604023666019437,0,409.8745878446718,20.79200118771214,1,55.03148505826533,12.274999999999984,198.16458784467176,999.0,False,False,False,False,1.0,1.3549999999999969,1.0,0,0,True,blocked_by_rear
205,20.5,213.17500000000004,14.649999999999968,0,267.8977021645161,11.562171062507163,0,411.95307415172965,20.784863070578517,1,54.72270216451605,12.324999999999985,198.7780741517296,999.0,False,False,False,False,1.0,1.3649999999999969,1.0,0,0,True,blocked_by_rear
206,20.6,214.65000000000003,14.749999999999968,0,269.050009458407,11.52307293890907,0,414.03289832639365,20.798241746639707,1,54.40000945840694,12.374999999999984,199.38289832639362,999.0,False,False,False,False,1.0,1.374999999999997,1.0,0,0,True,blocked_by_rear
207,20.700000000000003,216.13500000000002,14.849999999999968,0,270.2053463846716,11.553369262646445,0,416.1146905060188,20.817921796251724,1,54.07034638467158,12.424999999999983,199.97969050601878,999.0,False,False,False,False,1.0,1.3849999999999967,1.0,0,0,True,blocked_by_rear
208,20.8,217.63000000000002,14.949999999999967,0,271.363345424747,11.579990400754022,0,418.1949072268424,20.802167208236074,1,53.733345424747,12.474999999999984,200.5649072268424,999.0,False,False,False,False,1.0,1.3949999999999967,1.0,0,0,True,blocked_by_rear
209,20.900000000000002,219.13500000000002,15.049999999999967,0,272.5248029796527,11.61457554905679,0,420.274411635416,20.79504408573602,1,53.38980297965267,12.524999999999984,201.139411635416,999.0,False,False,False,False,1.0,1.4049999999999967,1.0,0,0,True,blocked_by_rear
210,21.0,220.65,15.149999999999967,0,273.68950063326247,11.646976536098022,0,422.35518100557584,20.80769370159845,1,53.03950063326246,12.574999999999983,201.70518100557584,999.0,False,False,False,False,1.0,1.4149999999999967,1.0,0,0,True,blocked_by_rear
211,21.1,222.175,15.249999999999966,0,274.850632517359,11.611318840965046,0,424.43173424473423,20.765532391583942,1,52.67563251735896,12.624999999999982,202.25673424473422,999.0,False,False,False,False,1.0,1.4249999999999967,1.0,0,0,True,blocked_by_rear
212,21.200000000000003,223.71,15.349999999999966,0,276.0069477278846,11.563152105256346,0,426.503954733869,20.72220489134788,1,52.2969477278846,12.674999999999983,202.79395473386901,999.0,False,False,False,False,1.0,1.4349999999999965,1.0,0,0,True,blocked_by_rear
213,21.3,225.255,15.449999999999966,0,277.1628487765473,11.559010486627189,0,428.57230864223146,20.683539083624638,1,51.907848776547326,12.724999999999984,203.31730864223147,999.0,False,False,False,False,1.0,1.4449999999999965,1.0,0,0,True,blocked_by_rear
214,21.400000000000002,226.81,15.549999999999965,0,278.31402765869854,11.511788821512056,0,430.6432111654078,20.709025231763686,1,51.50402765869853,12.774999999999983,203.83321116540782,999.0,False,False,False,False,1.0,1.4549999999999965,1.0,0,0,True,blocked_by_rear
215,21.5,228.375,15.649999999999965,0,279.46415504565437,11.50127386955812,0,432.7165830735403,20.733719081324438,1,51.089155045654365,12.824999999999982,204.34158307354028,999.0,False,False,False,False,1.0,1.4649999999999965,1.0,0,0,True,blocked_by_rear
216,21.6,229.95,15.749999999999964,0,280.61380648087766,11.496514352232765,0,434.7894558491427,20.728727756024515,1,50.66380648087767,12.874999999999982,204.83945584914272,999.0,False,False,False,False,1.0,1.4749999999999965,1.0,0,0,True,blocked_by_rear
217,21.700000000000003,231.535,15.849999999999964,0,281.76323864116813,11.494321602904549,0,436.8620686640108,20.726128148680736,1,50.22823864116813,12.924999999999983,205.3270686640108,999.0,False,False,False,False,1.0,1.4849999999999963,1.0,0,0,True,blocked_by_rear
218,21.8,233.13,15.949999999999964,0,282.91570243487973,11.524637937115966,0,438.93370540407744,20.71636740066651,1,49.78570243487974,12.974999999999982,205.80370540407745,999.0,False,False,False,False,1.0,1.4949999999999963,1.0,0,0,True,blocked_by_rear
219,21.900000000000002,234.73499999999999,16.049999999999965,0,284.0722130901948,11.565106553150327,0,441.00071275462363,20.670073505461914,1,49.33721309019481,13.024999999999983,206.26571275462365,999.0,False,False,False,False,1.0,1.5049999999999966,1.0,0,0,True,blocked_by_rear
220,22.0,236.35,16.149999999999967,0,285.23146248893704,11.592493987422369,0,443.0639765189812,20.632637643575688,1,48.881462488937046,13.074999999999983,206.71397651898118,999.0,False,False,False,False,1.0,1.5149999999999966,1.0,0,0,True,blocked_by_rear
221,22.1,237.975,16.249999999999968,0,286.3918970233484,11.604345344113577,0,445.1223439259521,20.58367406970921,1,48.41689702334841,13.124999999999984,207.14734392595213,999.0,False,False,False,False,1.0,1.5249999999999968,1.0,0,0,True,blocked_by_rear
222,22.200000000000003,239.60999999999999,16.34999999999997,0,287.55271783058555,11.608208072371212,0,447.17574151248925,20.533975865371172,1,47.942717830585565,13.174999999999985,207.56574151248927,999.0,False,False,False,False,1.0,1.534999999999997,1.0,0,0,True,blocked_by_rear
223,22.3,241.255,16.44999999999997,0,288.7180505756776,11.653327450920234,0,449.2331931193634,20.57451606874145,1,47.463050575677585,13.224999999999985,207.97819311936343,999.0,False,False,False,False,1.0,1.544999999999997,1.0,0,0,True,blocked_by_rear
224,22.400000000000002,242.91,16.549999999999972,0,289.886342990189,11.68292414511446,0,451.29479746943673,20.61604350073293,1,46.97634299018901,13.274999999999986,208.38479746943673,999.0,False,False,False,False,1.0,1.5549999999999973,1.0,0,0,True,blocked_by_rear
225,22.5,244.575,16.649999999999974,0,291.05109098701206,11.6474799682303,0,453.3529791202087,20.58181650771998,1,46.47609098701207,13.324999999999987,208.77797912020873,999.0,False,False,False,False,1.0,1.5649999999999973,1.0,0,0,True,blocked_by_rear
226,22.6,246.25,16.749999999999975,0,292.2127153005641,11.616243135520543,0,455.41238573000373,20.594066097949973,1,45.96271530056413,13.374999999999988,209.16238573000373,999.0,False,False,False,False,1.0,1.5749999999999975,1.0,0,0,True,blocked_by_rear
227,22.700000000000003,247.935,16.849999999999977,0,293.37839770907624,11.656824085121373,0,457.47669189158233,20.643061615785882,1,45.44339770907624,13.424999999999988,209.54169189158233,999.0,False,False,False,False,1.0,1.5849999999999977,1.0,0,0,True,blocked_by_rear
228,22.8,249.63,16.949999999999978,0,294.54619134217603,11.677936330997955,0,459.54331605725235,20.666241656700112,1,44.916191342176035,13.474999999999989,209.91331605725236,999.0,False,False,False,False,1.0,1.5949999999999978,1.0,0,0,True,blocked_by_rear
229,22.900000000000002,251.33499999999998,17.04999999999998,0,295.7180779073213,11.718865651452381,0,461.6089489602461,20.656329029937226,1,44.38307790732131,13.52499999999999,210.27394896024612,999.0,False,False,False,False,1.0,1.604999999999998,1.0,0,0,True,blocked_by_rear
230,23.0,253.04999999999998,17.14999999999998,0,296.8874629792688,11.693850719474884,0,463.6713161649477,20.623672047015937,1,43.83746297926879,13.57499999999999,210.62131616494773,999.0,False,False,False,False,1.0,1.614999999999998,1.0,0,0,True,blocked_by_rear
231,23.1,254.77499999999998,17.249999999999982,0,298.0530426217196,11.655796424508257,0,465.73680947552964,20.654933105819218,1,43.278042621719635,13.624999999999991,210.96180947552966,999.0,False,False,False,False,1.0,1.6249999999999982,1.0,0,0,True,blocked_by_rear
232,23.200000000000003,256.51,17.349999999999984,0,299.2150901879046,11.62047566184998,0,467.79994576093884,20.631362854091908,1,42.7050901879046,13.674999999999992,211.28994576093885,999.0,False,False,False,False,1.0,1.6349999999999985,1.0,0,0,True,blocked_by_rear
233,23.3,258.255,17.449999999999985,0,300.3803286458759,11.652384579713333,0,469.861187918866,20.612421579271327,1,42.125328645875925,13.724999999999993,211.606187918866,999.0,False,False,False,False,1.0,1.6449999999999985,1.0,0,0,True,blocked_by_rear
234,23.400000000000002,260.01,17.549999999999986,0,301.55039127834016,11.700626324642627,0,471.9200964638146,20.58908544948649,1,41.54039127834017,13.774999999999993,211.91009646381463,999.0,False,False,False,False,1.0,1.6549999999999987,1.0,0,0,True,blocked_by_rear
235,23.5,261.775,17.649999999999988,0,302.72079044425413,11.703991659139747,0,473.97714967887515,20.570532150605075,1,40.94579044425416,13.824999999999994,212.20214967887517,999.0,False,False,False,False,1.0,1.6649999999999987,1.0,0,0,True,blocked_by_rear
236,23.6,263.54999999999995,17.74999999999999,0,303.89529733847985,11.74506894225713,0,476.0328684603742,20.557187814990197,1,40.345297338479895,13.874999999999995,212.48286846037422,999.0,False,False,False,False,1.0,1.674999999999999,1.0,0,0,True,blocked_by_rear
237,23.700000000000003,265.335,17.84999999999999,0,305.0691401559783,11.738428174984447,0,478.08871016879596,20.558417084218032,1,39.73414015597831,13.924999999999995,212.75371016879598,999.0,False,False,False,False,1.0,1.6849999999999992,1.0,0,0,True,blocked_by_rear
238,23.8,267.13,17.949999999999992,0,306.24737183825044,11.782316822721418,0,480.13986136728045,20.511511984845146,1,39.11737183825045,13.974999999999996,213.00986136728045,999.0,False,False,False,False,1.0,1.6949999999999992,1.0,0,0,True,blocked_by_rear
239,23.900000000000002,268.935,18.049999999999994,0,307.4277723071589,11.804004689084588,0,482.19492275530786,20.55061388027438,1,38.49277230715887,14.024999999999997,213.25992275530785,999.0,False,False,False,False,1.0,1.7049999999999994,1.0,0,0,True,blocked_by_rear
240,24.0,270.75,18.149999999999995,0,308.6034456483025,11.756733411436334,0,484.2502046558078,20.55281900499963,1,37.85344564830251,14.074999999999998,213.5002046558078,999.0,False,False,False,False,1.0,1.7149999999999994,1.0,0,0,True,blocked_by_rear
241,24.1,272.575,18.249999999999996,0,309.7773788875638,11.739332392613337,0,486.30908144951644,20.58876793708619,1,37.20237888756384,14.124999999999998,213.73408144951645,999.0,False,False,False,False,1.0,1.7249999999999996,1.0,0,0,True,blocked_by_rear
242,24.200000000000003,274.40999999999997,18.349999999999998,0,310.95189729233437,11.745184047705589,0,488.3698605219067,20.607790723902465,1,36.5418972923344,14.174999999999999,213.9598605219067,999.0,False,False,False,False,1.0,1.7349999999999999,1.0,0,0,True,blocked_by_rear
243,24.3,276.255,18.45,0,312.1259442321044,11.740469397700743,0,490.43192268467214,20.6206216276546,1,35.87094423210442,14.225,214.17692268467215,999.0,False,False,False,False,1.0,1.7449999999999999,1.0,0,0,True,blocked_by_rear
244,24.400000000000002,278.11,18.55,0,313.29789214039135,11.719479082869485,0,492.48907833321726,20.57155648545125,1,35.18789214039134,14.275,214.37907833321725,999.0,False,False,False,False,1.0,1.7550000000000001,1.0,0,0,True,blocked_by_rear
245,24.5,279.975,18.650000000000002,0,314.47060760802816,11.727154676368194,0,494.5443484239037,20.552700906864498,1,34.49560760802814,14.325000000000001,214.5693484239037,999.0,False,False,False,False,1.0,1.7650000000000001,1.0,0,0,True,blocked_by_rear
246,24.6,281.85,18.750000000000004,0,315.64349575165,11.728881436218307,0,496.6037825731207,20.59434149216989,1,33.79349575164997,14.375000000000002,214.7537825731207,999.0,False,False,False,False,1.0,1.7750000000000004,1.0,0,0,True,blocked_by_rear
247,24.700000000000003,283.735,18.850000000000005,0,316.81564864315686,11.721528915068447,0,498.6606906827037,20.56908109583013,1,33.08064864315685,14.425000000000002,214.9256906827037,999.0,False,False,False,False,1.0,1.7850000000000006,1.0,0,0,True,blocked_by_rear
248,24.8,285.63,18.950000000000006,0,317.9865144722765,11.708658291196352,0,500.7219174034531,20.612267207493783,1,32.3565144722765,14.475000000000003,215.09191740345312,999.0,False,False,False,False,1.0,1.7950000000000006,1.0,0,0,True,blocked_by_rear
249,24.900000000000002,287.53499999999997,19.050000000000008,0,319.1617489852092,11.752345129327262,0,502.78658742368816,20.646700202350356,1,31.626748985209247,14.525000000000004,215.2515874236882,999.0,False,False,False,False,1.0,1.8050000000000008,1.0,0,0,True,blocked_by_rear
250,25.0,289.45,19.15000000000001,0,320.341185563285,11.794365780757827,0,504.8485364468227,20.619490231345488,1,30.891185563285035,14.575000000000005,215.39853644682273,999.0,False,False,False,False,1.0,1.8150000000000008,1.0,0,0,True,blocked_by_rear
251,25.1,291.375,19.25000000000001,0,321.51649696345635,11.753114001713186,0,506.9077585673201,20.592221204973956,1,30.141496963456348,14.625000000000005,215.53275856732012,999.0,False,False,False,False,1.0,1.825000000000001,1.0,0,0,True,blocked_by_rear
252,25.200000000000003,293.31,19.350000000000012,0,322.6899521297888,11.734551663324591,0,508.9637283465811,20.559697792609587,1,29.37995212978882,14.675000000000006,215.6537283465811,999.0,False,False,False,False,1.0,1.8350000000000013,1.0,0,0,True,blocked_by_rear
253,25.3,295.255,19.450000000000014,0,323.864478237741,11.745261079521837,0,511.01883398999206,20.551056434109704,1,28.60947823774103,14.725000000000007,215.76383398999207,999.0,False,False,False,False,1.0,1.8450000000000013,1.0,0,0,True,blocked_by_rear
254,25.400000000000002,297.21,19.550000000000015,0,325.0421678608115,11.776896230704558,0,513.0707909373857,20.519569473936606,1,27.832167860811523,14.775000000000007,215.86079093738573,999.0,False,False,False,False,1.0,1.8550000000000015,1.0,0,0,True,blocked_by_rear
255,25.5,299.16499999999996,19.550000000000015,0,326.2218762491795,11.79708388368019,0,515.1201514410278,20.49360503642152,1,27.05687624917954,14.775000000000007,215.95515144102785,999.0,False,False,False,False,0.0,1.9550000000000016,0.0,0,0,True,blocked_by_rear
256,25.6,301.11999999999995,19.550000000000015,0,327.40232682843595,11.804505792564274,0,517.1680018206422,20.4785037961436,1,26.282326828436,14.775000000000007,216.04800182064224,999.0,False,False,False,False,0.0,1.9550000000000016,0.0,0,0,True,blocked_by_rear
257,25.700000000000003,303.07499999999993,19.550000000000015,0,328.5783470516872,11.760202232512558,0,519.2131403369661,20.451385163239635,1,25.503347051687285,14.775000000000007,216.13814033696622,999.0,False,False,False,False,0.0,1.9550000000000016,0.0,0,0,True,blocked_by_rear
258,25.8,305.0299999999999,19.550000000000015,0,329.756008300492,11.776612488048038,0,521.2582513542237,20.45111017257569,1,24.726008300492083,14.775000000000007,216.2282513542238,999.0,False,False,False,False,0.0,1.9550000000000016,0.0,0,0,True,blocked_by_rear
259,25.900000000000002,306.9849999999999,19.550000000000015,1,330.93385970913755,11.778514086455406,0,523.3001095729824,20.41858218758658,1,216.31510957298246,14.775000000000007,23.94885970913765,999.0,False,False,False,True,0.0,1.9550000000000016,0.0,1,1,True,blocked_by_rear
260,26.0,308.9499999999999,19.650000000000016,1,332.11241827629857,11.785585671610031,0,525.3469353259931,20.4682575301074,1,216.39693532599318,14.825000000000008,23.162418276298695,999.0,False,False,False,False,1.0,1.8650000000000015,1.0,0,0,True,blocked_by_rear
261,26.1,310.9249999999999,19.750000000000018,1,333.29414519454747,11.817269182489193,0,527.3947048052421,20.4776947924905,1,216.4697048052422,14.875000000000009,22.36914519454757,999.0,False,False,False,False,1.0,1.8750000000000018,1.0,0,0,True,blocked_by_rear
262,26.200000000000003,312.9099999999999,19.85000000000002,1,334.4806320034797,11.864868089322284,0,529.4464899103378,20.517851050957432,1,216.53648991033793,14.92500000000001,21.570632003479773,999.0,False,False,False,False,1.0,1.885000000000002,1.0,0,0,True,blocked_by_rear
263,26.3,314.9049999999999,19.95000000000002,1,335.66807489174795,11.87442888268255,0,531.4935992786867,20.471093683488878,1,216.5885992786868,14.97500000000001,20.763074891748033,999.0,False,False,False,False,1.0,1.895000000000002,1.0,0,0,True,blocked_by_rear
264,26.400000000000002,316.9099999999999,20.050000000000022,1,336.8514535509744,11.833786592264298,0,533.5363623641861,20.4276308549931,1,216.62636236418615,15.025000000000011,19.941453550974472,999.0,False,False,False,False,1.0,1.905000000000002,1.0,0,0,True,blocked_by_rear
265,26.5,318.9249999999999,20.150000000000023,1,338.03434954168773,11.828959907133445,0,535.5778797980171,20.415174338309885,1,216.65287979801718,15.075000000000012,19.109349541687834,999.0,False,False,False,False,1.0,1.9150000000000023,1.0,0,0,True,blocked_by_rear
266,26.6,320.9499999999999,20.250000000000025,1,339.2219990327438,11.876494910560474,0,537.61607706478,20.381972667629846,1,216.66607706478015,15.125000000000012,18.271999032743906,999.0,False,False,False,False,1.0,1.9250000000000025,1.0,0,0,True,blocked_by_rear
267,26.700000000000003,322.9849999999999,20.350000000000026,1,340.4143763997192,11.92377366975374,0,539.6569490802317,20.408720154516146,1,216.6719490802318,15.175000000000013,17.429376399719274,999.0,False,False,False,False,1.0,1.9350000000000027,1.0,0,0,True,blocked_by_rear
268,26.8,325.0299999999999,20.450000000000028,1,341.6099961450908,11.95619745371619,0,541.699147253851,20.421981736193946,1,216.66914725385112,15.225000000000014,16.579996145090888,999.0,False,False,False,False,1.0,1.945000000000003,1.0,0,0,True,blocked_by_rear
269,26.900000000000002,327.0849999999999,20.55000000000003,1,342.80730321816446,11.973070730736863,0,543.7411142508056,20.419669969546064,1,216.65611425080567,15.275000000000015,15.72230321816454,999.0,False,False,False,False,1.0,1.9550000000000027,1.0,0,0,True,blocked_by_rear
270,27.0,329.1499999999999,20.65000000000003,1,343.9997416548074,11.92438436642917,0,545.7816113086157,20.404970578100247,1,216.63161130861573,15.325000000000015,14.849741654807474,999.0,False,False,False,False,1.0,1.965000000000003,1.0,0,0,True,blocked_by_rear
271,27.1,331.2249999999999,20.750000000000032,1,345.1921008094653,11.923591546578525,0,547.8244092785366,20.427979699209256,1,216.59940927853665,15.375000000000016,13.967100809465364,999.0,False,False,False,False,1.0,1.9750000000000032,1.0,0,0,True,blocked_by_rear
272,27.200000000000003,333.3099999999999,20.850000000000033,1,346.3841462475506,11.920454380853135,0,549.8667812976183,20.423720190818198,1,216.55678129761844,15.425000000000017,13.074146247550686,999.0,False,False,False,False,1.0,1.9850000000000034,1.0,0,0,True,blocked_by_rear
273,27.3,335.4049999999999,20.950000000000035,1,347.57256831304534,11.884220654947695,0,551.9042622040382,20.374809064198544,1,216.4992622040383,15.475000000000017,12.167568313045422,999.0,False,False,False,False,1.0,1.9950000000000037,1.0,0,0,True,blocked_by_rear
274,27.400000000000002,337.50999999999993,21.050000000000036,1,348.7635731611449,11.910048480995394,0,553.9399426388388,20.35680434800631,1,216.4299426388389,15.525000000000018,11.25357316114497,999.0,False,False,False,False,1.0,2.0050000000000034,1.0,0,0,True,blocked_by_rear
275,27.5,339.62499999999994,21.150000000000038,1,349.9594218437464,11.958486826014745,0,555.9728254159011,20.328827770622226,1,216.34782541590113,15.575000000000019,10.33442184374644,999.0,False,False,False,False,1.0,2.0150000000000037,1.0,0,0,True,blocked_by_rear
276,27.6,341.74999999999994,21.25000000000004,1,351.1536576066027,11.942357628562913,0,558.00594715432,20.33121738418884,1,216.25594715432004,15.62500000000002,9.403657606602735,999.0,False,False,False,False,1.0,2.025000000000004,1.0,0,0,True,blocked_by_rear
277,27.700000000000003,343.88499999999993,21.35000000000004,1,352.35044228402955,11.967846774268967,0,560.0387074705778,20.327603162578868,1,216.1537074705779,15.67500000000002,8.46544228402962,999.0,False,False,False,False,1.0,2.035000000000004,1.0,0,0,True,blocked_by_rear
278,27.8,346.0299999999999,21.450000000000042,1,353.5434751868876,11.930329028580134,0,562.0695928006206,20.308853300428073,1,216.0395928006207,15.725000000000021,7.513475186887661,999.0,False,False,False,False,1.0,2.0450000000000044,1.0,0,0,True,blocked_by_rear
279,27.900000000000002,348.18499999999995,21.550000000000043,1,354.7365532814426,11.930780945550234,0,564.1022166207435,20.32623820122976,1,215.9172166207436,15.775000000000022,6.5515532814426365,999.0,False,False,False,False,1.0,2.055000000000004,1.0,0,0,True,blocked_by_rear
280,28.0,350.34999999999997,21.650000000000045,1,355.93233287556075,11.957795941181443,0,566.131143798676,20.289271779325194,1,215.78114379867606,15.825000000000022,5.58233287556078,999.0,False,False,False,False,1.0,2.0650000000000044,1.0,0,0,True,blocked_by_rear
281,28.1,352.525,21.750000000000046,1,357.1233416209921,11.91008745431368,0,568.1602617998307,20.29118001154639,1,215.6352617998307,15.875000000000023,4.59834162099213,999.0,False,False,False,False,1.0,2.0750000000000046,1.0,0,0,True,blocked_by_rear
282,28.200000000000003,354.71,21.850000000000048,1,358.3174502535301,11.941086325379922,0,570.1845058386556,20.242440388249378,1,215.4745058386556,15.925000000000024,3.6074502535301463,999.0,False,False,False,False,1.0,2.085000000000005,1.0,0,0,True,blocked_by_rear
283,28.3,356.905,21.95000000000005,1,359.5132835845147,11.958333309845296,0,572.2106179597471,20.26112121091508,1,215.3056179597471,15.975000000000025,2.6082835845147088,999.0,False,False,False,False,1.0,2.095000000000005,1.0,0,0,True,blocked_by_rear
284,28.400000000000002,359.10999999999996,22.05000000000005,1,360.7086093830351,11.95325798520396,0,574.240877967706,20.302600079589272,1,215.130877967706,16.025000000000027,1.5986093830351251,999.0,False,False,False,False,1.0,2.105000000000005,1.0,0,0,True,blocked_by_rear
285,28.5,361.325,22.150000000000052,1,361.90537879240304,11.96769409367966,0,576.2661903740413,20.25312406335442,1,214.94119037404135,16.075000000000024,0.580378792403053,999.0,False,False,False,False,1.0,2.115000000000005,1.0,0,0,True,blocked_by_rear
286,28.6,363.55,22.250000000000053,1,363.10199248622615,11.966136938231097,0,578.2950959584377,20.28905584396418,1,214.74509595843773,16.12500000000003,999.0,0.4480075137738595,False,False,False,False,1.0,2.1250000000000053,1.0,0,0,True,blocked_by_rear
287,28.700000000000003,365.785,22.350000000000055,1,364.30191017574964,11.99917689523483,0,580.3254930848053,20.30397126367543,1,214.5404930848053,16.175000000000026,999.0,1.483089824250385,False,False,False,False,1.0,2.1350000000000056,1.0,0,0,True,blocked_by_rear
288,28.8,368.03000000000003,22.450000000000056,1,365.5035648495121,12.016546737624694,0,582.3566752069707,20.31182122165435,1,214.32667520697072,16.22500000000003,999.0,2.5264351504879414,False,False,False,False,1.0,2.145000000000006,1.0,0,0,True,blocked_by_rear
289,28.900000000000002,370.285,22.550000000000058,1,366.7029607210262,11.993958715141378,0,584.3884626290416,20.317874220707953,1,214.10346262904153,16.275000000000027,999.0,3.5820392789738094,False,False,False,False,1.0,2.1550000000000056,1.0,0,0,True,blocked_by_rear
290,29.0,372.55,22.65000000000006,1,367.90407389038853,12.01113169362312,0,586.4187743474146,20.303117183729594,1,213.86877434741456,16.32500000000003,999.0,4.64592610961148,False,False,False,False,1.0,2.165000000000006,1.0,0,0,True,blocked_by_rear
291,29.1,374.82500000000005,22.75000000000006,1,369.1087453434234,12.046714530348513,0,588.4460364406476,20.272620932330465,1,213.62103644064757,16.37500000000003,999.0,5.716254656576666,False,False,False,False,1.0,2.175000000000006,1.0,0,0,True,blocked_by_rear
292,29.200000000000003,377.11000000000007,22.850000000000062,1,370.31589000456154,12.071446611381706,0,590.4711945613425,20.251581206949155,1,213.36119456134242,16.425000000000033,999.0,6.794109995438532,False,False,False,False,1.0,2.1850000000000063,1.0,0,0,True,blocked_by_rear
293,29.3,379.4050000000001,22.950000000000063,1,371.5257726585721,12.098826540106124,0,592.4956300553307,20.24435493988276,1,213.09063005533062,16.47500000000003,999.0,7.879227341427963,False,False,False,False,1.0,2.1950000000000065,1.0,0,0,True,blocked_by_rear
294,29.400000000000002,381.7100000000001,23.050000000000065,1,372.73873229667385,12.129596381017345,0,594.5186008979457,20.22970842614956,1,212.8086008979456,16.525000000000034,999.0,8.971267703326248,False,False,False,False,1.0,2.2050000000000063,1.0,0,0,True,blocked_by_rear
295,29.5,384.0250000000001,23.150000000000066,1,373.94882886715186,12.100965704780304,0,596.5442445856448,20.25643687699174,1,212.51924458564474,16.57500000000003,999.0,10.07617113284823,False,False,False,False,1.0,2.2150000000000065,1.0,0,0,True,blocked_by_rear
296,29.6,386.3500000000001,23.250000000000068,1,375.15701185710617,12.081829899543369,0,598.5722207240212,20.27976138376438,1,212.22222072402116,16.625000000000036,999.0,11.19298814289391,False,False,False,False,1.0,2.2250000000000068,1.0,0,0,True,blocked_by_rear
297,29.700000000000003,388.68500000000006,23.35000000000007,1,376.3676395785913,12.106277214851142,0,600.5974108294067,20.2519010538552,1,211.91241082940667,16.675000000000033,999.0,12.31736042140875,False,False,False,False,1.0,2.235000000000007,1.0,0,0,True,blocked_by_rear
298,29.8,391.0300000000001,23.45000000000007,1,377.57540842144465,12.077688428533207,0,602.6195904140266,20.221795846197907,1,211.58959041402647,16.725000000000037,999.0,13.454591578555437,False,False,False,False,1.0,2.245000000000007,1.0,0,0,True,blocked_by_rear
299,29.900000000000002,393.3850000000001,23.55000000000007,1,378.77960244767564,12.041940262309792,0,604.6405408246384,20.20950410611864,1,211.25554082463827,16.775000000000034,999.0,14.605397552324462,False,False,False,False,1.0,2.255000000000007,1.0,0,0,True,blocked_by_rear
300,30.0,395.7500000000001,23.650000000000073,1,379.9790627527535,11.994603050778954,0,606.6576004389406,20.170596143022063,1,210.90760043894045,16.82500000000004,999.0,15.770937247246593,False,False,False,False,1.0,2.2650000000000072,1.0,0,0,True,blocked_by_rear
