step,time,x_ego,v_ego,x_front,v_front,distance,safe_distance,collision,safety_violation,a_ego,a_front,reward,a_nom,use_cbf
1,0.1,2.0,20.0,23.804406489868843,18.044064898688433,21.804406489868843,15.0,False,False,0.0,0.4406489868843162,2.0,0.0,False
2,0.2,4.0,20.0,25.57485963119032,17.704531413214802,21.57485963119032,15.0,False,False,0.0,-3.3953348547363205,2.0,0.0,False
3,0.30000000000000004,6.0,20.0,27.307159544407178,17.32299913216856,21.307159544407178,15.0,False,False,0.0,-3.8153228104624044,2.0,0.0,False
4,0.4,8.0,20.0,29.036370672164896,17.29211127757717,21.036370672164896,15.0,False,False,0.0,-0.3088785459139045,2.0,0.0,False
5,0.5,10.0,20.0,30.76635813460268,17.299874624377843,20.76635813460268,15.0,False,False,0.0,0.07763346800671389,2.0,0.0,False
6,0.6000000000000001,12.0,20.0,32.5000499870484,17.336918524457193,20.5000499870484,15.0,False,False,0.0,0.370439000793519,2.0,0.0,False
7,0.7000000000000001,14.0,20.0,34.24130418822194,17.412542011735383,20.24130418822194,15.0,False,False,0.0,0.7562348727818908,2.0,0.0,False
8,0.8,16.0,20.0,35.955967739599046,17.146635513771063,19.955967739599046,15.0,False,False,0.0,-2.6590649796431958,2.0,0.0,False
9,0.9,17.98,19.8,37.67180508754507,17.158373479460213,19.691805087545067,14.9,False,False,-2.0,0.11737965689150331,1.58,-2.0,False
10,1.0,19.94,19.6,39.351604465272786,16.79799377727719,19.411604465272784,14.8,False,False,-2.0,-3.6037970218302426,1.56,-2.0,False
11,1.1,21.880000000000003,19.400000000000002,41.04076907451489,16.89164609242107,19.16076907451489,14.700000000000001,False,False,-2.0,0.936523151438795,1.5400000000000005,-2.0,False
12,1.2000000000000002,23.800000000000004,19.200000000000003,42.733780136070386,16.930110615554934,18.933780136070382,14.600000000000001,False,False,-2.0,0.38464523133862816,1.5200000000000005,-2.0,False
13,1.3,25.700000000000003,19.000000000000004,44.43468333089596,17.009031948255704,18.734683330895955,14.500000000000002,False,False,-2.0,0.7892133270076946,1.5000000000000004,-2.0,False
14,1.4000000000000001,27.580000000000002,18.800000000000004,46.096367621386186,16.61684290490228,18.516367621386184,14.400000000000002,False,False,-2.0,-3.9218904335342355,1.4800000000000004,-2.0,False
15,1.5,29.44,18.600000000000005,47.765614761945,16.692471405588165,18.325614761945,14.300000000000002,False,False,-2.0,0.7562850068588263,1.4600000000000004,-2.0,False
16,1.6,31.28,18.400000000000006,49.40328405500392,16.376692930589176,18.12328405500392,14.200000000000003,False,False,-2.0,-3.1577847499898954,1.4400000000000008,-2.0,False
17,1.7000000000000002,33.1,18.200000000000006,51.0416166537623,16.383325987583778,17.941616653762296,14.100000000000003,False,False,-2.0,0.06633056994603415,1.4200000000000008,-2.0,False
18,1.8,34.900000000000006,18.000000000000007,52.676259565140796,16.34642911378499,17.77625956514079,14.000000000000004,False,False,-2.0,-0.3689687379878741,1.4000000000000008,-2.0,False
19,1.9000000000000001,36.68000000000001,17.800000000000008,54.31759498995724,16.413354248164463,17.637594989957236,13.900000000000004,False,False,-2.0,0.6692513437947458,1.3800000000000008,-2.0,False
20,2.0,38.440000000000005,17.60000000000001,55.933933301072585,16.163383111153458,17.49393330107258,13.800000000000004,False,False,-2.0,-2.499711370110065,1.3600000000000008,-2.0,False
21,2.1,40.18000000000001,17.40000000000001,57.55523492527553,16.213016242029425,17.37523492527552,13.700000000000005,False,False,-2.0,0.4963313087596788,1.3400000000000012,-2.0,False
22,2.2,41.900000000000006,17.20000000000001,59.1823221360475,16.270872107719722,17.282322136047497,13.600000000000005,False,False,-2.0,0.578558656902977,1.3200000000000012,-2.0,False
23,2.3000000000000003,43.60000000000001,17.00000000000001,60.778367217342996,15.960450812954903,17.178367217342988,13.500000000000005,False,False,-2.0,-3.1042129476481897,1.3000000000000012,-2.0,False
24,2.4000000000000004,45.28000000000001,16.80000000000001,62.37028458160596,15.919173642629639,17.09028458160595,13.400000000000006,False,False,-2.0,-0.412771703252641,1.2800000000000011,-2.0,False
25,2.5,46.94000000000001,16.600000000000012,63.954802517311286,15.845179357053295,17.014802517311274,13.300000000000006,False,False,-2.0,-0.7399428557634447,1.2600000000000011,-2.0,False
26,2.6,48.58000000000001,16.400000000000013,65.51289716367542,15.580946463641274,16.932897163675406,13.200000000000006,False,False,-2.0,-2.642328934120218,1.2400000000000015,-2.0,False
27,2.7,50.20000000000002,16.200000000000014,67.06630274322698,15.53405579551572,16.866302743226967,13.100000000000007,False,False,-2.0,-0.4689066812555476,1.2200000000000015,-2.0,False
28,2.8000000000000003,51.80000000000002,16.000000000000014,68.6107755736809,15.444728304539135,16.81077557368088,13.000000000000007,False,False,-2.0,-0.8932749097658392,1.2000000000000015,-2.0,False
29,2.9000000000000004,53.38000000000002,15.800000000000015,70.14818297563292,15.374074019520297,16.768182975632904,12.900000000000007,False,False,-2.0,-0.7065428501883797,1.1800000000000015,-2.0,False
30,3.0,54.94000000000002,15.600000000000016,71.68958554478537,15.414025691524483,16.749585544785354,12.800000000000008,False,False,-2.0,0.39951672004186234,1.1600000000000015,-2.0,False
31,3.1,56.48000000000002,15.400000000000016,73.19926923369421,15.096836889088395,16.71926923369419,12.700000000000008,False,False,-2.0,-3.1718880243608636,1.140000000000002,-2.0,False
32,3.2,58.00000000000002,15.200000000000017,74.70723650799358,15.079672742993775,16.707236507993564,12.600000000000009,False,False,-2.0,-0.1716414609461947,1.1200000000000019,-2.0,False
33,3.3000000000000003,59.50000000000002,15.000000000000018,76.18592171041128,14.786852024176877,16.685921710411257,12.500000000000009,False,False,-2.0,-2.928207188168977,1.1000000000000019,-2.0,False
34,3.4000000000000004,60.980000000000025,14.800000000000018,77.66490469507013,14.789829846588539,16.68490469507011,12.40000000000001,False,False,-2.0,0.029778224116617125,1.0800000000000018,-2.0,False
35,3.5,62.440000000000026,14.60000000000002,79.14561878053902,14.807140854688937,16.705618780538998,12.30000000000001,False,False,-2.0,0.17311008100398584,1.0600000000000018,-2.0,False
36,3.6,63.88000000000003,14.40000000000002,80.61908236009084,14.734635795518184,16.739082360090812,12.20000000000001,False,False,-2.0,-0.725050591707525,1.0400000000000023,-2.0,False
37,3.7,65.30000000000004,14.20000000000002,82.06869376541685,14.496114053260088,16.768693765416813,12.10000000000001,False,False,-2.0,-2.3852174225809524,1.0200000000000022,-2.0,False
38,3.8000000000000003,66.70000000000005,14.000000000000021,83.5116122546852,14.429184892683475,16.81161225468516,12.00000000000001,False,False,-2.0,-0.6692916057661344,1.0000000000000022,-2.0,False
39,3.9000000000000004,68.08000000000004,13.800000000000022,84.95148606114846,14.398738064632576,16.871486061148417,11.900000000000011,False,False,-2.0,-0.3044682805089869,0.9800000000000023,-2.0,False
40,4.0,69.44000000000004,13.600000000000023,86.39587982731872,14.443937661702666,16.955879827318682,11.800000000000011,False,False,-2.0,0.4519959707009029,0.9600000000000023,-2.0,False
41,4.1000000000000005,70.78000000000004,13.400000000000023,87.8427470376301,14.468672103113787,17.06274703763006,11.700000000000012,False,False,-2.0,0.24734441411121777,0.9400000000000025,-2.0,False
42,4.2,72.10000000000005,13.200000000000024,89.28659221478104,14.438451771509357,17.186592214780987,11.600000000000012,False,False,-2.0,-0.30220331604431494,0.9200000000000025,-2.0,False
43,4.3,73.40000000000005,13.000000000000025,90.73835511629589,14.51762901514857,17.338355116295844,11.500000000000012,False,False,-2.0,0.7917724363921337,0.9000000000000025,-2.0,False
44,4.4,74.68000000000005,12.800000000000026,92.19941481875372,14.610597024578247,17.519414818753674,11.400000000000013,False,False,-2.0,0.9296800942967711,0.8800000000000027,-2.0,False
45,4.5,75.94000000000005,12.600000000000026,93.66290843561573,14.634936168620072,17.72290843561568,11.300000000000013,False,False,-2.0,0.24339144041824357,0.8600000000000027,-2.0,False
46,4.6000000000000005,77.18000000000006,12.400000000000027,95.10539183765188,14.424834020361487,17.925391837651816,11.200000000000014,False,False,-2.0,-2.1010214825858577,0.8400000000000029,-2.0,False
47,4.7,78.40000000000006,12.200000000000028,96.54944303197577,14.440511943238914,18.149443031975707,11.100000000000014,False,False,-2.0,0.15677922877426353,0.8200000000000028,-2.0,False
48,4.800000000000001,79.60000000000007,12.000000000000028,97.98823476590452,14.387917339287519,18.388234765904457,11.000000000000014,False,False,-2.0,-0.5259460395139446,0.8000000000000028,-2.0,False
49,4.9,80.78000000000007,11.80000000000003,99.42850008956673,14.402653236621976,18.648500089566653,10.900000000000015,False,False,-2.0,0.1473589733445717,0.780000000000003,-2.0,False
50,5.0,81.94000000000007,11.60000000000003,100.84110831150134,14.12608221934612,18.901108311501275,10.800000000000015,False,False,-2.0,-2.7657101727585522,0.760000000000003,-2.0,False
51,5.1000000000000005,83.08000000000007,11.40000000000003,102.2542576954811,14.131493839797642,19.17425769548103,10.700000000000015,False,False,-2.0,0.05411620451521859,0.740000000000003,-2.0,False
52,5.2,84.20000000000007,11.200000000000031,103.66455247466092,14.102947791798142,19.46455247466085,10.600000000000016,False,False,-2.0,-0.28546047999500046,0.7200000000000032,-2.0,False
53,5.300000000000001,85.30000000000008,11.000000000000032,105.07731445615657,14.127619814956503,19.77731445615649,10.500000000000016,False,False,-2.0,0.24672023158360545,0.7000000000000032,-2.0,False
54,5.4,86.38000000000008,10.800000000000033,106.4686651823271,13.913507261705256,20.08866518232702,10.400000000000016,False,False,-2.0,-2.1411255325124774,0.6800000000000034,-2.0,False
55,5.5,87.46000000000008,10.800000000000033,107.86996236550665,14.012971831795552,20.409962365506573,10.400000000000016,False,False,0.0,0.994645700902961,1.0800000000000034,0.0,False
56,5.6000000000000005,88.54000000000008,10.800000000000033,109.26400226367879,13.940398981721327,20.724002263678713,10.400000000000016,False,False,0.0,-0.7257285007422445,1.0800000000000034,0.0,False
57,5.7,89.62000000000008,10.800000000000033,110.66197852508073,13.979762614019307,21.04197852508065,10.400000000000016,False,False,0.0,0.39363632297980033,1.0800000000000034,0.0,False
58,5.800000000000001,90.70000000000007,10.800000000000033,112.0350640475347,13.7308552245398,21.33506404753463,10.400000000000016,False,False,0.0,-2.4890738947950672,1.0800000000000034,0.0,False
59,5.9,91.78000000000007,10.800000000000033,113.41661006069961,13.815460131649097,21.63661006069954,10.400000000000016,False,False,0.0,0.8460490710929667,1.0800000000000034,0.0,False
60,6.0,92.86000000000007,10.800000000000033,114.79064149310396,13.74031432404353,21.93064149310389,10.400000000000016,False,False,0.0,-0.7514580760556706,1.0800000000000034,0.0,False
61,6.1000000000000005,93.94000000000007,10.800000000000033,116.12519714524586,13.345556521419073,22.185197145245795,10.400000000000016,False,False,0.0,-3.9475780262445612,1.0800000000000034,0.0,False
62,6.2,95.02000000000007,10.800000000000033,117.42467701873983,12.994798734939682,22.40467701873976,10.400000000000016,False,False,0.0,-3.507577864793908,1.0800000000000034,0.0,False
63,6.300000000000001,96.10000000000007,10.800000000000033,118.72493351352063,13.002564947808013,22.62493351352056,10.400000000000016,False,False,0.0,0.07766212868330569,1.0800000000000034,0.0,False
64,6.4,97.18000000000006,10.800000000000033,120.03203062614863,13.070971126279934,22.85203062614856,10.400000000000016,False,False,0.0,0.6840617847192114,1.0800000000000034,0.0,False
65,6.5,98.26000000000006,10.800000000000033,121.30471141235684,12.726807862082161,23.044711412356776,10.400000000000016,False,False,0.0,-3.441632641977721,1.0800000000000034,0.0,False
66,6.6000000000000005,99.34000000000006,10.800000000000033,122.58678411353145,12.820727011746095,23.24678411353139,10.400000000000016,False,False,0.0,0.9391914966393491,1.0800000000000034,0.0,False
67,6.7,100.42000000000006,10.800000000000033,123.85922976049352,12.724456469620684,23.43922976049346,10.400000000000016,False,False,0.0,-0.962705421254114,1.0800000000000034,0.0,False
68,6.800000000000001,101.50000000000006,10.800000000000033,125.1263348929324,12.671051324388888,23.62633489293235,10.400000000000016,False,False,0.0,-0.5340514523179591,1.0800000000000034,0.0,False
69,6.9,102.58000000000006,10.800000000000033,126.39119723825257,12.648623453201722,23.811197238252518,10.400000000000016,False,False,0.0,-0.2242787118716565,1.0800000000000034,0.0,False
70,7.0,103.66000000000005,10.800000000000033,127.66100201642749,12.698047781749159,24.001002016427435,10.400000000000016,False,False,0.0,0.49424328547436924,1.0800000000000034,0.0,False
71,7.1000000000000005,104.74000000000005,10.800000000000033,128.92353589911562,12.625338826881295,24.18353589911557,10.400000000000016,False,False,0.0,-0.72708954867863,1.0800000000000034,0.0,False
72,7.2,105.82000000000005,10.800000000000033,130.14849665091856,12.249607518029443,24.32849665091851,10.400000000000016,False,False,0.0,-3.7573130885185253,1.0800000000000034,0.0,False
73,7.300000000000001,106.90000000000005,10.800000000000033,131.33560728530364,11.871106343850661,24.43560728530359,10.400000000000016,False,False,0.0,-3.785011741787814,1.0800000000000034,0.0,False
74,7.4,107.98000000000005,10.800000000000033,132.52697769929637,11.913704139927196,24.54697769929632,10.400000000000016,False,False,0.0,0.4259779607653533,1.0800000000000034,0.0,False
75,7.5,109.06000000000004,10.800000000000033,133.70859923289228,11.816215335959019,24.648599232892238,10.400000000000016,False,False,0.0,-0.9748880396817683,1.0800000000000034,0.0,False
76,7.6000000000000005,110.14000000000004,10.800000000000033,134.86956629308818,11.609670601959072,24.72956629308814,10.400000000000016,False,False,0.0,-2.065447339999456,1.0800000000000034,0.0,False
77,7.7,111.22000000000004,10.800000000000033,136.0245992179773,11.55032924889127,24.80459921797727,10.400000000000016,False,False,0.0,-0.593413530678019,1.0800000000000034,0.0,False
78,7.800000000000001,112.30000000000004,10.800000000000033,137.18450865994794,11.599094419706288,24.884508659947898,10.400000000000016,False,False,0.0,0.4876517081501859,1.0800000000000034,0.0,False
79,7.9,113.38000000000004,10.800000000000033,138.34604528046404,11.61536620516094,24.966045280464,10.400000000000016,False,False,0.0,0.16271785454651555,1.0800000000000034,0.0,False
80,8.0,114.46000000000004,10.800000000000033,139.51451847700994,11.684731965458948,25.054518477009907,10.400000000000016,False,False,0.0,0.6936576029800705,1.0800000000000034,0.0,False
81,8.1,115.55000000000004,10.900000000000032,140.68286706784122,11.683485908312694,25.132867067841175,10.450000000000017,False,False,1.0,-0.012460571462540093,0.9900000000000032,1.0,False
82,8.200000000000001,116.65000000000005,11.000000000000032,141.8577952766635,11.74928208822273,25.207795276663447,10.500000000000016,False,False,1.0,0.6579617991003575,1.000000000000003,1.0,False
83,8.3,117.76000000000005,11.100000000000032,143.02309500952933,11.652997328658211,25.26309500952928,10.550000000000015,False,False,1.0,-0.962847595645181,1.0100000000000031,1.0,False
84,8.4,118.88000000000005,11.200000000000031,144.15812164461389,11.350266350845617,25.278121644613833,10.600000000000016,False,False,1.0,-3.0273097781259364,1.0200000000000031,1.0,False
85,8.5,120.01000000000006,11.300000000000031,145.29452530844017,11.364036638262913,25.28452530844011,10.650000000000016,False,False,1.0,0.13770287417296267,1.0300000000000031,1.0,False
86,8.6,121.15000000000006,11.40000000000003,146.4407012953547,11.461759869145403,25.290701295354637,10.700000000000015,False,False,1.0,0.9772323088248978,1.040000000000003,1.0,False
87,8.700000000000001,122.30000000000007,11.50000000000003,147.58448010572172,11.437788103670114,25.284480105721656,10.750000000000014,False,False,1.0,-0.2397176547528992,1.050000000000003,1.0,False
88,8.8,123.46000000000006,11.60000000000003,148.73316560470687,11.486854989851414,25.273165604706804,10.800000000000015,False,False,1.0,0.4906688618130042,1.060000000000003,1.0,False
89,8.9,124.63000000000007,11.70000000000003,149.87714949484527,11.439838901383975,25.247149494845203,10.850000000000016,False,False,1.0,-0.4701608846743812,1.070000000000003,1.0,False
90,9.0,125.81000000000007,11.80000000000003,150.98853506894196,11.113855740966796,25.178535068941883,10.900000000000015,False,False,1.0,-3.2598316041717874,1.080000000000003,1.0,False
91,9.1,127.00000000000007,11.900000000000029,152.09412412323692,11.055890542949765,25.094124123236853,10.950000000000014,False,False,1.0,-0.5796519801703208,1.0900000000000027,1.0,False
92,9.200000000000001,128.20000000000007,12.000000000000028,153.19104390715898,10.969197839220588,24.99104390715891,11.000000000000014,False,False,1.0,-0.8669270372917701,1.1000000000000028,1.0,False
93,9.3,129.4000000000001,12.000000000000028,154.2940587823559,11.030148751969257,24.894058782355813,11.000000000000014,False,False,0.0,0.6095091274866908,1.2000000000000028,0.0,False
94,9.4,130.60000000000008,12.000000000000028,155.39986287517044,11.058040928145244,24.799862875170362,11.000000000000014,False,False,0.0,0.27892176175988026,1.2000000000000028,0.0,False
95,9.5,131.80000000000007,12.000000000000028,156.51416312739295,11.143002522225114,24.71416312739288,11.000000000000014,False,False,0.0,0.8496159407987014,1.2000000000000028,0.0,False
96,9.600000000000001,133.00000000000006,12.000000000000028,157.61978260142914,11.056194740361919,24.61978260142908,11.000000000000014,False,False,0.0,-0.8680778186319524,1.2000000000000028,0.0,False
97,9.700000000000001,134.20000000000005,12.000000000000028,158.7308456360562,11.110630346270568,24.530845636056142,11.000000000000014,False,False,0.0,0.5443560590864935,1.2000000000000028,0.0,False
98,9.8,135.40000000000003,12.000000000000028,159.85054811206717,11.197024760109935,24.45054811206714,11.000000000000014,False,False,0.0,0.8639441383936746,1.2000000000000028,0.0,False
99,9.9,136.60000000000002,12.000000000000028,160.9349378298006,10.843897177334219,24.334937829800566,11.000000000000014,False,False,0.0,-3.5312758277571588,1.2000000000000028,0.0,False
100,10.0,137.8,12.000000000000028,162.02830787394777,10.933700441471743,24.228307873947756,11.000000000000014,False,False,0.0,0.8980326413752329,1.2000000000000028,0.0,False
101,10.100000000000001,139.0,12.000000000000028,163.12281098185883,10.945031079110773,24.122810981858834,11.000000000000014,False,False,0.0,0.11330637639031282,1.2000000000000028,0.0,False
102,10.200000000000001,140.2,12.000000000000028,164.22014541394884,10.97334432090004,24.020145413948853,11.000000000000014,False,False,0.0,0.28313241789267507,1.2000000000000028,0.0,False
103,10.3,141.39999999999998,12.000000000000028,165.31719965938078,10.970542454319421,23.9171996593808,11.000000000000014,False,False,0.0,-0.02801866580618051,1.2000000000000028,0.0,False
104,10.4,142.59999999999997,12.000000000000028,166.4152448632429,10.980452038621134,23.815244863242924,11.000000000000014,False,False,0.0,0.09909584301712515,1.2000000000000028,0.0,False
105,10.5,143.79999999999995,12.000000000000028,167.52166473581767,11.064198725747856,23.72166473581771,11.000000000000014,False,False,0.0,0.8374668712672122,1.2000000000000028,0.0,False
106,10.600000000000001,144.99999999999994,12.000000000000028,168.63734985896127,11.156851231435999,23.63734985896133,11.000000000000014,False,False,0.0,0.9265250568814236,1.2000000000000028,0.0,False
107,10.700000000000001,146.19999999999993,12.000000000000028,169.74556157249367,11.082117135323927,23.54556157249374,11.000000000000014,False,False,0.0,-0.7473409611207253,1.2000000000000028,0.0,False
108,10.8,147.39999999999992,12.000000000000028,170.8238865293396,10.783249568459306,23.423886529339683,11.000000000000014,False,False,0.0,-2.9886756686462066,1.2000000000000028,0.0,False
109,10.9,148.5999999999999,12.000000000000028,171.8811708904099,10.572843610702842,23.28117089040998,11.000000000000014,False,False,0.0,-2.1040595775646382,1.2000000000000028,0.0,False
110,11.0,149.7999999999999,12.000000000000028,172.92875563109502,10.475847406851265,23.128755631095117,11.000000000000014,False,False,0.0,-0.9699620385157552,1.2000000000000028,0.0,False
111,11.100000000000001,150.9999999999999,12.000000000000028,173.97298164326747,10.442260121724633,22.972981643267588,11.000000000000014,False,False,0.0,-0.33587285126632604,1.2000000000000028,0.0,False
112,11.200000000000001,152.19999999999987,12.000000000000028,174.99339746928246,10.20415826014995,22.79339746928258,11.000000000000014,False,False,0.0,-2.381018615746836,1.2000000000000028,0.0,False
113,11.3,153.39999999999986,12.000000000000028,176.0226154449441,10.292179756616623,22.622615444944245,11.000000000000014,False,False,0.0,0.8802149646667343,1.2000000000000028,0.0,False
114,11.4,154.59999999999985,12.000000000000028,177.059410060294,10.367946153498991,22.459410060294147,11.000000000000014,False,False,0.0,0.7576639688236881,1.2000000000000028,0.0,False
115,11.5,155.79999999999984,12.000000000000028,178.10431252201806,10.44902461724072,22.304312522018222,11.000000000000014,False,False,0.0,0.8107846374172984,1.2000000000000028,0.0,False
116,11.600000000000001,156.99999999999983,12.000000000000028,179.15014192006254,10.458293980444795,22.15014192006271,11.000000000000014,False,False,0.0,0.09269363204074654,1.2000000000000028,0.0,False
117,11.700000000000001,158.19999999999982,12.000000000000028,180.1916856951417,10.415437750791625,21.991685695141882,11.000000000000014,False,False,0.0,-0.42856229653170486,1.2000000000000028,0.0,False
118,11.8,159.3999999999998,12.000000000000028,181.23521167637378,10.435259812320801,21.835211676373973,11.000000000000014,False,False,0.0,0.19822061529175672,1.2000000000000028,0.0,False
119,11.9,160.5999999999998,12.000000000000028,182.2506072857698,10.15395609396013,21.650607285770008,11.000000000000014,False,False,0.0,-2.813037183606726,1.2000000000000028,0.0,False
120,12.0,161.79999999999978,12.000000000000028,183.27215010574352,10.215428199737097,21.472150105743737,11.000000000000014,False,False,0.0,0.6147210577696829,1.2000000000000028,0.0,False
121,12.100000000000001,162.99999999999977,12.000000000000028,184.30155069988774,10.294005941442128,21.30155069988797,11.000000000000014,False,False,0.0,0.7857774170503027,1.2000000000000028,0.0,False
122,12.200000000000001,164.19999999999976,12.000000000000028,185.3246314980645,10.23080798176762,21.12463149806473,11.000000000000014,False,False,0.0,-0.6319795967450699,1.2000000000000028,0.0,False
123,12.3,165.39999999999975,12.000000000000028,186.34995291978214,10.253214217176607,20.94995291978239,11.000000000000014,False,False,0.0,0.22406235408986785,1.2000000000000028,0.0,False
124,12.4,166.59999999999974,12.000000000000028,187.34367821509983,9.937252953176834,20.74367821510009,11.000000000000014,False,False,0.0,-3.159612639997736,1.2000000000000028,0.0,False
125,12.5,167.79999999999973,12.000000000000028,188.34577554597706,10.020973308772339,20.545775545977335,11.000000000000014,False,False,0.0,0.8372035559550517,1.2000000000000028,0.0,False
126,12.600000000000001,168.99999999999972,12.000000000000028,189.3274080598349,9.81632513857855,20.327408059835193,11.000000000000014,False,False,0.0,-2.0464817019378807,1.2000000000000028,0.0,False
127,12.700000000000001,170.1999999999997,12.000000000000028,190.31851624445994,9.911081846250214,20.11851624446024,11.000000000000014,False,False,0.0,0.9475670767166451,1.2000000000000028,0.0,False
128,12.8,171.3999999999997,12.000000000000028,191.31620134524456,9.976851007846353,19.916201345244872,11.000000000000014,False,False,0.0,0.6576916159613859,1.2000000000000028,0.0,False
129,12.9,172.5799999999997,11.80000000000003,192.31644796999535,10.002466247507822,19.736447969995652,10.900000000000015,False,False,-2.0,0.2561523966147008,0.780000000000003,-2.0,False
130,13.0,173.7399999999997,11.60000000000003,193.31843126155925,10.01983291563904,19.578431261559558,10.800000000000015,False,False,-2.0,0.1736666813121659,0.760000000000003,-2.0,False
131,13.100000000000001,174.8799999999997,11.40000000000003,194.32758082985174,10.091495682924847,19.44758082985203,10.700000000000015,False,False,-2.0,0.7166276728580847,0.740000000000003,-2.0,False
132,13.200000000000001,175.99999999999972,11.200000000000031,195.34069154311317,10.131107132614307,19.34069154311345,10.600000000000016,False,False,-2.0,0.396114496894606,0.7200000000000032,-2.0,False
133,13.3,177.0999999999997,11.000000000000032,196.35025587631134,10.095643331981657,19.250255876311627,10.500000000000016,False,False,-2.0,-0.3546380063265071,0.7000000000000032,-2.0,False
134,13.4,178.17999999999972,10.800000000000033,197.35883768823777,10.085818119264328,19.178837688238048,10.400000000000016,False,False,-2.0,-0.09825212717330167,0.6800000000000034,-2.0,False
135,13.5,179.23999999999972,10.600000000000033,198.36563572716264,10.067980389248765,19.125635727162916,10.300000000000017,False,False,-2.0,-0.1783773001556288,0.6600000000000034,-2.0,False
136,13.600000000000001,180.27999999999972,10.400000000000034,199.36878144500668,10.031457178440421,19.08878144500696,10.200000000000017,False,False,-2.0,-0.3652321080834462,0.6400000000000033,-2.0,False
137,13.700000000000001,181.29999999999973,10.200000000000035,200.37053210826716,10.017506632604674,19.07053210826743,10.100000000000017,False,False,-2.0,-0.1395054583574713,0.6200000000000035,-2.0,False
138,13.8,182.29999999999973,10.000000000000036,201.37583878935632,10.053066810891536,19.075838789356595,10.000000000000018,False,False,-2.0,0.3556017828686222,0.6000000000000035,-2.0,False
139,13.9,183.27999999999972,9.800000000000036,202.37967949063244,10.038407012761143,19.099679490632724,9.900000000000018,False,False,-2.0,-0.14659798130393442,0.5800000000000036,-2.0,False
140,14.0,184.23999999999972,9.600000000000037,203.38947296798773,10.097934773552856,19.149472967988004,9.800000000000018,False,False,-2.0,0.5952776079171331,0.5600000000000037,-2.0,False
141,14.100000000000001,185.17999999999972,9.400000000000038,204.40734328445953,10.178703164718131,19.227343284459806,9.700000000000019,False,False,-2.0,0.8076839116527439,0.5400000000000038,-2.0,False
142,14.200000000000001,186.09999999999974,9.200000000000038,205.42061776617194,10.132744817124083,19.320617766172205,9.60000000000002,False,False,-2.0,-0.45958347594048443,0.5200000000000039,-2.0,False
143,14.3,186.99999999999974,9.000000000000039,206.4409902067383,10.203724405663563,19.440990206738547,9.50000000000002,False,False,-2.0,0.7097958853948048,0.5000000000000039,-2.0,False
144,14.4,187.87999999999974,8.80000000000004,207.46740586898474,10.264156622464482,19.587405868985,9.40000000000002,False,False,-2.0,0.6043221680091961,0.480000000000004,-2.0,False
145,14.5,188.73999999999975,8.60000000000004,208.49848438173694,10.310785127521983,19.75848438173719,9.30000000000002,False,False,-2.0,0.46628505057502223,0.4600000000000041,-2.0,False
146,14.600000000000001,189.57999999999976,8.400000000000041,209.53498057269917,10.36496190962236,19.954980572699412,9.20000000000002,False,False,-2.0,0.541767821003776,0.44000000000000417,-2.0,False
147,14.700000000000001,190.39999999999975,8.200000000000042,210.57079096123326,10.358103885340757,20.170790961233507,9.100000000000021,False,False,-2.0,-0.06858024281603825,0.42000000000000426,-2.0,False
148,14.8,191.21999999999974,8.200000000000042,211.59796553673567,10.271745755024098,20.37796553673593,9.100000000000021,False,False,0.0,-0.8635813031665918,0.8200000000000043,0.0,False
149,14.9,192.03999999999974,8.200000000000042,212.61673263379205,10.187670970563747,20.576732633792318,9.100000000000021,False,False,0.0,-0.8407478446034953,0.8200000000000043,0.0,False
150,15.0,192.85999999999973,8.200000000000042,213.62913198787504,10.1239935408299,20.769131987875312,9.100000000000021,False,False,0.0,-0.6367742973384725,0.8200000000000043,0.0,False
151,15.100000000000001,193.67999999999972,8.200000000000042,214.64903057485714,10.19898586982108,20.969030574857413,9.100000000000021,False,False,0.0,0.7499232899117962,0.8200000000000043,0.0,False
152,15.200000000000001,194.49999999999972,8.200000000000042,215.67031905009415,10.212884752370154,21.170319050094434,9.100000000000021,False,False,0.0,0.13898882549075142,0.8200000000000043,0.0,False
153,15.3,195.3199999999997,8.200000000000042,216.69094512578644,10.206260756922816,21.370945125786733,9.100000000000021,False,False,0.0,-0.06623995447338737,0.8200000000000043,0.0,False
154,15.4,196.1399999999997,8.200000000000042,217.706072000635,10.151268748485633,21.5660720006353,9.100000000000021,False,False,0.0,-0.5499200843718308,0.8200000000000043,0.0,False
155,15.5,196.9599999999997,8.200000000000042,218.7174442722376,10.113722716026016,21.757444272237905,9.100000000000021,False,False,0.0,-0.3754603245961661,0.8200000000000043,0.0,False
156,15.600000000000001,197.7799999999997,8.200000000000042,219.73700925433923,10.195649821016328,21.95700925433954,9.100000000000021,False,False,0.0,0.8192710499031142,0.8200000000000043,0.0,False
157,15.700000000000001,198.59999999999968,8.200000000000042,220.74879206245575,10.117828081165134,22.148792062456067,9.100000000000021,False,False,0.0,-0.7782173985119416,0.8200000000000043,0.0,False
158,15.8,199.41999999999967,8.200000000000042,221.76056655398585,10.117744915300912,22.34056655398618,9.100000000000021,False,False,0.0,-0.0008316586422278949,0.8200000000000043,0.0,False
159,15.9,200.23999999999967,8.200000000000042,222.76650493428411,10.059383802982671,22.526504934284446,9.100000000000021,False,False,0.0,-0.583611123182417,0.8200000000000043,0.0,False
160,16.0,201.05999999999966,8.200000000000042,223.7794767520811,10.129718177969945,22.719476752081448,9.100000000000021,False,False,0.0,0.703343749872734,0.8200000000000043,0.0,False
161,16.1,201.87999999999965,8.200000000000042,224.7947822712212,10.153055191400993,22.914782271221554,9.100000000000021,False,False,0.0,0.23337013431047238,0.8200000000000043,0.0,False
162,16.2,202.69999999999965,8.200000000000042,225.80212713554982,10.073448643286152,23.102127135550177,9.100000000000021,False,False,0.0,-0.7960654811484051,0.8200000000000043,0.0,False
163,16.3,203.51999999999964,8.200000000000042,226.80901481961945,10.06887684069611,23.28901481961981,9.100000000000021,False,False,0.0,-0.04571802590043528,0.8200000000000043,0.0,False
164,16.400000000000002,204.33999999999963,8.200000000000042,227.81833862832386,10.093238087044192,23.478338628324224,9.100000000000021,False,False,0.0,0.243612463480831,0.8200000000000043,0.0,False
165,16.5,205.15999999999963,8.200000000000042,228.83074518396768,10.12406555643834,23.67074518396805,9.100000000000021,False,False,0.0,0.30827469394148865,0.8200000000000043,0.0,False
166,16.6,205.97999999999962,8.200000000000042,229.81818229595422,9.874371119865389,23.838182295954596,9.100000000000021,False,False,0.0,-2.4969443657295125,0.8200000000000043,0.0,False
167,16.7,206.7999999999996,8.200000000000042,230.80600644442808,9.878241484738595,24.006006444428465,9.100000000000021,False,False,0.0,0.038703648732066,0.8200000000000043,0.0,False
168,16.8,207.6199999999996,8.200000000000042,231.78427720146178,9.782707570336957,24.16427720146217,9.100000000000021,False,False,0.0,-0.9553391440163876,0.8200000000000043,0.0,False
169,16.900000000000002,208.4399999999996,8.200000000000042,232.77000640602347,9.85729204561698,24.33000640602387,9.100000000000021,False,False,0.0,0.7458447528002221,0.8200000000000043,0.0,False
170,17.0,209.2599999999996,8.200000000000042,233.75650442243705,9.864980164135888,24.496504422437454,9.100000000000021,False,False,0.0,0.07688118518908738,0.8200000000000043,0.0,False
171,17.1,210.0799999999996,8.200000000000042,234.7519985586777,9.954941362406613,24.671998558678126,9.100000000000021,False,False,0.0,0.8996119827072531,0.8200000000000043,0.0,False
172,17.2,210.89999999999958,8.200000000000042,235.7545750037951,10.02576445117392,24.85457500379553,9.100000000000021,False,False,0.0,0.7082308876730774,0.8200000000000043,0.0,False
173,17.3,211.71999999999957,8.200000000000042,236.73017753555933,9.756025317642118,25.010177535559762,9.100000000000021,False,False,0.0,-2.697391335318018,0.8200000000000043,0.0,False
174,17.400000000000002,212.54999999999959,8.300000000000042,237.70798488357647,9.778073480171445,25.157984883576887,9.15000000000002,False,False,1.0,0.22048162529325932,0.7300000000000042,1.0,False
175,17.5,213.3899999999996,8.400000000000041,238.67648365599106,9.684987724145772,25.286483655991475,9.20000000000002,False,False,1.0,-0.9308575602567315,0.7400000000000042,1.0,False
176,17.6,214.23999999999958,8.50000000000004,239.64961700042042,9.731333444293679,25.409617000420837,9.250000000000021,False,False,1.0,0.4634572014790539,0.7500000000000041,1.0,False
177,17.7,215.0999999999996,8.60000000000004,240.61789173082624,9.682747304058108,25.517891730826648,9.30000000000002,False,False,1.0,-0.48586140235570663,0.7600000000000041,1.0,False
178,17.8,215.9699999999996,8.70000000000004,241.58307241046387,9.651806796376324,25.61307241046427,9.35000000000002,False,False,1.0,-0.3094050768178369,0.7700000000000041,1.0,False
179,17.900000000000002,216.8499999999996,8.80000000000004,242.54717601474158,9.641036042777015,25.697176014741984,9.40000000000002,False,False,1.0,-0.10770753599308547,0.780000000000004,1.0,False
180,18.0,217.7399999999996,8.90000000000004,243.52108905469177,9.739130399501784,25.78108905469216,9.45000000000002,False,False,1.0,0.9809435672476814,0.790000000000004,1.0,False
181,18.1,218.63999999999962,9.000000000000039,244.4878622112071,9.667731565153403,25.847862211207485,9.50000000000002,False,False,1.0,-0.7139883434838012,0.8000000000000039,1.0,False
182,18.2,219.5499999999996,9.100000000000039,245.45546655530018,9.676043440930878,25.905466555300563,9.550000000000018,False,False,1.0,0.08311875777474653,0.8100000000000039,1.0,False
183,18.3,220.46999999999963,9.200000000000038,246.4258029873933,9.703364320931257,25.955802987393668,9.60000000000002,False,False,1.0,0.27320880000379444,0.820000000000004,1.0,False
184,18.400000000000002,221.39999999999964,9.300000000000038,247.39706083556928,9.712578481759847,25.99706083556964,9.65000000000002,False,False,1.0,0.09214160828590323,0.8300000000000038,1.0,False
185,18.5,222.33999999999963,9.400000000000038,248.3610272418067,9.639664062374282,26.021027241807076,9.700000000000019,False,False,1.0,-0.7291441938556602,0.8400000000000039,1.0,False
186,18.6,223.28999999999965,9.500000000000037,249.31551801939005,9.544907775833556,26.025518019390404,9.750000000000018,False,False,1.0,-0.9475628654072534,0.8500000000000038,1.0,False
187,18.7,224.24999999999966,9.600000000000037,250.27492154082756,9.594035214375054,26.024921540827904,9.800000000000018,False,False,1.0,0.49127438541499213,0.8600000000000038,1.0,False
188,18.8,225.21999999999966,9.700000000000037,251.20165592420994,9.267343833823803,25.981655924210287,9.85000000000002,False,False,1.0,-3.2669138055125115,0.8700000000000038,1.0,False
189,18.900000000000002,226.19999999999965,9.800000000000036,252.13224386194247,9.305879377325274,25.932243861942823,9.900000000000018,False,False,1.0,0.3853554350147086,0.8800000000000037,1.0,False
190,19.0,227.18999999999966,9.900000000000036,253.0566045356941,9.243606737516336,25.86660453569445,9.950000000000017,False,False,1.0,-0.6227263980893782,0.8900000000000037,1.0,False
191,19.1,228.18999999999966,10.000000000000036,253.98259675759263,9.259922218985194,25.792596757592975,10.000000000000018,False,False,1.0,0.1631548146885824,0.9000000000000036,1.0,False
192,19.200000000000003,229.19999999999965,10.100000000000035,254.9026671039958,9.200703464031818,25.702667103996163,10.050000000000018,False,False,1.0,-0.5921875495337563,0.9100000000000036,1.0,False
193,19.3,230.21999999999966,10.200000000000035,255.81798091207446,9.1531380807864,25.597980912074803,10.100000000000017,False,False,1.0,-0.47565383245417614,0.9200000000000036,1.0,False
194,19.400000000000002,231.24999999999966,10.300000000000034,256.7324342267018,9.144533146273538,25.48243422670214,10.150000000000016,False,False,1.0,-0.0860493451286144,0.9300000000000036,1.0,False
195,19.5,232.28999999999965,10.400000000000034,257.61705786614135,8.846236394395586,25.3270578661417,10.200000000000017,False,False,1.0,-2.982967518779521,0.9400000000000034,1.0,False
196,19.6,233.33999999999966,10.500000000000034,258.50765359047614,8.905957243347627,25.167653590476476,10.250000000000018,False,False,1.0,0.5972084895204204,0.9500000000000034,1.0,False
197,19.700000000000003,234.39999999999966,10.600000000000033,259.38880143504997,8.811478445738528,24.988801435050306,10.300000000000017,False,False,1.0,-0.9447879760909927,0.9600000000000034,1.0,False
198,19.8,235.45999999999967,10.600000000000033,260.2768260882024,8.880246531524765,24.81682608820276,10.300000000000017,False,False,0.0,0.6876808578623776,1.0600000000000034,0.0,False
199,19.900000000000002,236.51999999999967,10.600000000000033,261.1698479075694,8.930218193669994,24.64984790756975,10.300000000000017,False,False,0.0,0.4997166214522868,1.0600000000000034,0.0,False
200,20.0,237.57999999999967,10.600000000000033,262.06368876303566,8.938408554662432,24.483688763035985,10.300000000000017,False,False,0.0,0.08190360992437729,1.0600000000000034,0.0,False
201,20.1,238.63999999999967,10.600000000000033,262.9636088363319,8.999200732962162,24.323608836332227,10.300000000000017,False,False,0.0,0.6079217829972936,1.0600000000000034,0.0,False
202,20.200000000000003,239.69999999999968,10.600000000000033,263.83771665465275,8.74107818320842,24.137716654653076,10.300000000000017,False,False,0.0,-2.58122549753741,1.0600000000000034,0.0,False
203,20.3,240.75999999999968,10.600000000000033,264.7207754518015,8.830587971487441,23.960775451801823,10.300000000000017,False,False,0.0,0.8950978827901996,1.0600000000000034,0.0,False
204,20.400000000000002,241.81999999999968,10.600000000000033,265.59917568934395,8.784002375424315,23.77917568934427,10.300000000000017,False,False,0.0,-0.46585596063126844,1.0600000000000034,0.0,False
205,20.5,242.87999999999968,10.600000000000033,266.44614830345967,8.469726141157071,23.566148303459983,10.300000000000017,False,False,0.0,-3.1427623426724267,1.0600000000000034,0.0,False
206,20.6,243.93999999999969,10.600000000000033,267.2657966527876,8.196483493279455,23.325796652787943,10.300000000000017,False,False,0.0,-2.7324264787761643,1.0600000000000034,0.0,False
207,20.700000000000003,244.9999999999997,10.600000000000033,268.08938101203796,8.23584359250349,23.089381012038274,10.300000000000017,False,False,0.0,0.39360099224035694,1.0600000000000034,0.0,False
208,20.8,246.0599999999997,10.600000000000033,268.90981445368516,8.204334416472195,22.849814453685468,10.300000000000017,False,False,0.0,-0.3150917603129604,1.0600000000000034,0.0,False
209,20.900000000000002,247.1199999999997,10.600000000000033,269.7288232708324,8.190088171472084,22.608823270832687,10.300000000000017,False,False,0.0,-0.1424624500011149,1.0600000000000034,0.0,False
210,21.0,248.1799999999997,10.600000000000033,270.55036201115206,8.215387403196942,22.370362011152366,10.300000000000017,False,False,0.0,0.2529923172485875,1.0600000000000034,0.0,False
211,21.1,249.2399999999997,10.600000000000033,271.3334684894688,7.831064783167932,22.09346848946913,10.300000000000017,False,False,0.0,-3.843226200290104,1.0600000000000034,0.0,False
212,21.200000000000003,250.2999999999997,10.600000000000033,272.07790946773844,7.444409782695804,21.777909467738738,10.300000000000017,False,False,0.0,-3.866550004721287,1.0600000000000034,0.0,False
213,21.3,251.3599999999997,10.600000000000033,272.8146172844634,7.367078167249321,21.454617284463694,10.300000000000017,False,False,0.0,-0.773316154464819,1.0600000000000034,0.0,False
214,21.400000000000002,252.4199999999997,10.600000000000033,273.52642233081616,7.118050463527415,21.106422330816457,10.300000000000017,False,False,0.0,-2.490277037219065,1.0600000000000034,0.0,False
215,21.5,253.4799999999997,10.600000000000033,274.24316614708107,7.16743816264892,20.763166147081364,10.300000000000017,False,False,0.0,0.49387699121505024,1.0600000000000034,0.0,False
216,21.6,254.5399999999997,10.600000000000033,274.958911698286,7.157455512049072,20.41891169828628,10.300000000000017,False,False,0.0,-0.09982650599847775,1.0600000000000034,0.0,False
217,21.700000000000003,255.5999999999997,10.600000000000033,275.67413732802214,7.152256297361511,20.07413732802243,10.300000000000017,False,False,0.0,-0.05199214687561193,1.0600000000000034,0.0,False
218,21.8,256.65999999999974,10.600000000000033,276.38741080815544,7.132734801333058,19.727410808155696,10.300000000000017,False,False,0.0,-0.19521496028452834,1.0600000000000034,0.0,False
219,21.900000000000002,257.69999999999976,10.400000000000034,277.0914255092478,7.040147010923865,19.39142550924805,10.200000000000017,False,False,-2.0,-0.9258779040919283,0.6400000000000033,-2.0,False
220,22.0,258.71999999999974,10.200000000000035,277.78795303796295,6.965275287151412,19.067953037963207,10.100000000000017,False,False,-2.0,-0.7487172377245224,0.6200000000000035,-2.0,False
221,22.1,259.71999999999974,10.000000000000036,278.4746878519048,6.867348139418459,18.754687851905032,10.000000000000018,False,False,-2.0,-0.9792714773295361,0.6000000000000035,-2.0,False
222,22.200000000000003,260.69999999999976,9.800000000000036,279.15148302497903,6.767951730742378,18.451483024979268,9.900000000000018,False,False,-2.0,-0.9939640867608073,0.5800000000000036,-2.0,False
223,22.3,261.65999999999974,9.600000000000037,279.8363862387273,6.849032137482934,18.17638623872756,9.800000000000018,False,False,-2.0,0.8108040674055561,0.5600000000000037,-2.0,False
224,22.400000000000002,262.59999999999974,9.400000000000038,280.5295949388739,6.9320870014658915,17.929594938874175,9.700000000000019,False,False,-2.0,0.8305486398295749,0.5400000000000038,-2.0,False
225,22.5,263.51999999999975,9.200000000000038,281.1859582404179,6.563633015439998,17.66595824041815,9.60000000000002,False,False,-2.0,-3.6845398602589334,0.5200000000000039,-2.0,False
226,22.6,264.41999999999973,9.000000000000039,281.8447714600079,6.588132195899982,17.424771460008174,9.50000000000002,False,False,-2.0,0.24499180459984227,0.5000000000000039,-2.0,False
227,22.700000000000003,265.2999999999997,8.80000000000004,282.51338378316507,6.686123231571797,17.21338378316534,9.40000000000002,False,False,-2.0,0.9799103567181473,0.480000000000004,-2.0,False
228,22.8,266.15999999999974,8.60000000000004,283.1866321145051,6.732483313400255,17.026632114505333,9.30000000000002,False,False,-2.0,0.46360081828459054,0.4600000000000041,-2.0,False
229,22.900000000000002,266.9999999999998,8.400000000000041,283.8578979204925,6.71265805987448,16.857897920492746,9.20000000000002,False,False,-2.0,-0.1982525352577582,0.44000000000000417,-2.0,False
230,23.0,267.81999999999977,8.200000000000042,284.5226323298957,6.647344094031904,16.70263232989595,9.100000000000021,False,False,-2.0,-0.6531396584257543,0.42000000000000426,-2.0,False
231,23.1,268.6199999999998,8.000000000000043,285.16361895105956,6.40986621163847,16.543618951059784,9.000000000000021,False,False,-2.0,-2.3747788239343426,0.40000000000000424,-2.0,False
232,23.200000000000003,269.3999999999998,7.8000000000000425,285.7698915218779,6.062725708183851,16.369891521878117,8.900000000000022,False,False,-2.0,-3.4714050345461986,0.3800000000000042,-2.0,False
233,23.3,270.1599999999998,7.600000000000042,286.3723758377322,6.0248431585426925,16.212375837732395,8.800000000000022,False,False,-2.0,-0.37882549641158003,0.3600000000000042,-2.0,False
234,23.400000000000002,270.8999999999998,7.400000000000042,286.9701929276295,5.978170898973019,16.070192927629705,8.70000000000002,False,False,-2.0,-0.4667225956967296,0.3400000000000042,-2.0,False
235,23.5,271.61999999999983,7.200000000000042,287.56429935775054,5.941064301210189,15.944299357750708,8.600000000000021,False,False,-2.0,-0.37106597762830074,0.32000000000000417,-2.0,False
236,23.6,272.3199999999998,7.000000000000042,288.1557369207486,5.914375629980436,15.835736920748786,8.500000000000021,False,False,-2.0,-0.26688671229753114,0.30000000000000415,-2.0,False
237,23.700000000000003,272.99999999999983,6.800000000000042,288.74742033759225,5.916834168436108,15.747420337592416,8.40000000000002,False,False,-2.0,0.024585384556722767,0.28000000000000413,-2.0,False
238,23.8,273.65999999999985,6.600000000000041,289.3297227345613,5.823023969690339,15.669722734561446,8.30000000000002,False,False,-2.0,-0.9381019874576986,0.2600000000000041,-2.0,False
239,23.900000000000002,274.29999999999984,6.400000000000041,289.9198455106162,5.901227760548807,15.619845510616358,8.20000000000002,False,False,-2.0,0.7820379085846778,0.2400000000000041,-2.0,False
240,24.0,274.91999999999985,6.200000000000041,290.48040931161614,5.605638009999309,15.560409311616297,8.100000000000021,False,False,-2.0,-2.9558975054949785,0.22000000000000408,-2.0,False
241,24.1,275.51999999999987,6.000000000000041,291.0481628990334,5.677535874172426,15.528162899033532,8.000000000000021,False,False,-2.0,0.7189786417311717,0.20000000000000406,-2.0,False
242,24.200000000000003,276.09999999999985,5.800000000000041,291.6197210438139,5.715581447804976,15.519721043814059,7.90000000000002,False,False,-2.0,0.3804557363254957,0.18000000000000405,-2.0,False
243,24.3,276.65999999999985,5.6000000000000405,292.19384536934484,5.741243255309247,15.533845369344988,7.80000000000002,False,False,-2.0,0.2566180750427143,0.16000000000000403,-2.0,False
244,24.400000000000002,277.1999999999999,5.40000000000004,292.75815666643507,5.643112970902551,15.558156666435195,7.700000000000021,False,False,-2.0,-0.9813028440669684,0.140000000000004,-2.0,False
245,24.5,277.71999999999986,5.20000000000004,293.318696847808,5.605401813729043,15.598696847808128,7.60000000000002,False,False,-2.0,-0.37711157173507437,0.12000000000000399,-2.0,False
246,24.6,278.21999999999986,5.00000000000004,293.88756514624197,5.688682984339822,15.667565146242111,7.5000000000000195,False,False,-2.0,0.8328117061077955,0.10000000000000397,-2.0,False
247,24.700000000000003,278.6999999999999,4.80000000000004,294.451381365408,5.6381621916602995,15.751381365408122,7.40000000000002,False,False,-2.0,-0.5052079267952292,0.08000000000000396,-2.0,False
248,24.8,279.15999999999985,4.60000000000004,295.02383480690673,5.724534414987608,15.86383480690688,7.30000000000002,False,False,-2.0,0.8637222332730812,0.06000000000000394,-2.0,False
249,24.900000000000002,279.59999999999985,4.400000000000039,295.6031748473768,5.79340040470075,16.003174847376954,7.20000000000002,False,False,-2.0,0.6886598971314264,0.04000000000000392,-2.0,False
250,25.0,280.01999999999987,4.200000000000039,296.1770728936459,5.738980462691014,16.157072893646045,7.100000000000019,False,False,-2.0,-0.5441994200973661,0.020000000000003904,-2.0,False
251,25.1,280.41999999999985,4.000000000000039,296.7155171346407,5.384442409947952,16.295517134640875,7.0000000000000195,False,False,-2.0,-3.5453805274306225,3.885780586188048e-15,-2.0,False
252,25.200000000000003,280.79999999999984,3.800000000000039,297.24745669316263,5.3193955852192145,16.447456693162792,6.90000000000002,False,False,-2.0,-0.6504682472873768,-0.019999999999996132,-2.0,False
253,25.3,281.15999999999985,3.6000000000000387,297.7776679799846,5.302112868219447,16.61766797998473,6.800000000000019,False,False,-2.0,-0.17282716999767733,-0.03999999999999615,-2.0,False
254,25.400000000000002,281.4999999999999,3.4000000000000385,298.3015818747719,5.239138947873252,16.801581874772012,6.700000000000019,False,False,-2.0,-0.6297392034619387,-0.05999999999999617,-2.0,False
255,25.5,281.8199999999999,3.2000000000000384,298.8203028820562,5.18721007284308,17.000302882056303,6.600000000000019,False,False,-2.0,-0.5192887503017223,-0.07999999999999619,-2.0,False
256,25.6,282.1199999999999,3.000000000000038,299.3360036412849,5.157007592287238,17.216003641285,6.5000000000000195,False,False,-2.0,-0.30202480555842226,-0.0999999999999962,-2.0,False
257,25.700000000000003,282.3999999999999,2.800000000000038,299.8162806739328,4.802770326479314,17.416280673932874,6.400000000000019,False,False,-2.0,-3.5423726580792483,-0.11999999999999622,-2.0,False
258,25.8,282.6599999999999,2.600000000000038,300.2965027084479,4.80222034515142,17.636502708448006,6.3000000000000185,False,False,-2.0,-0.005499813278937449,-0.13999999999999624,-2.0,False
259,25.900000000000002,282.8999999999999,2.4000000000000377,300.77021914596526,4.737164375173204,17.870219145965336,6.200000000000019,False,False,-2.0,-0.650559699782155,-0.15999999999999626,-2.0,False
260,26.0,283.11999999999995,2.2000000000000375,301.25387065198674,4.836515060214847,18.133870651986797,6.100000000000019,False,False,-2.0,0.99350685041642,-0.17999999999999627,-2.0,False
261,26.1,283.31999999999994,2.0000000000000373,301.73940961048487,4.855389584981042,18.419409610484934,6.000000000000019,False,False,-2.0,0.18874524766195555,-0.1999999999999963,-2.0,False
262,26.200000000000003,283.49999999999994,1.8000000000000373,302.23297982067635,4.935702101914906,18.732979820676405,5.900000000000019,False,False,-2.0,0.8031251693386425,-0.21999999999999628,-2.0,False
263,26.3,283.65999999999997,1.6000000000000374,302.7171985573741,4.8421873669777975,19.057198557374136,5.8000000000000185,False,False,-2.0,-0.9351473493710858,-0.23999999999999627,-2.0,False
264,26.400000000000002,283.79999999999995,1.4000000000000374,303.1627247283727,4.455261709986242,19.36272472837277,5.700000000000019,False,False,-2.0,-3.8692565699155472,-0.25999999999999623,-2.0,False
265,26.5,283.91999999999996,1.2000000000000375,303.6057595960347,4.430348676619814,19.685759596034757,5.600000000000019,False,False,-2.0,-0.2491303336642845,-0.27999999999999625,-2.0,False
266,26.6,284.02,1.0000000000000375,304.0421541295607,4.363945335259737,20.022154129560704,5.500000000000019,False,False,-2.0,-0.6640334136007702,-0.29999999999999627,-2.0,False
267,26.700000000000003,284.12,1.0000000000000375,304.4838981604639,4.417440309032339,20.36389816046392,5.500000000000019,False,False,0.0,0.5349497377260262,0.10000000000000375,0.0,False
268,26.8,284.22,1.0000000000000375,304.92829450770273,4.443963472387939,20.708294507702703,5.500000000000019,False,False,0.0,0.26523163355599455,0.10000000000000375,0.0,False
269,26.900000000000002,284.32000000000005,1.0000000000000375,305.37222850161197,4.439339939092178,21.05222850161192,5.500000000000019,False,False,0.0,-0.046235332957613284,0.10000000000000375,0.0,False
270,27.0,284.4200000000001,1.0000000000000375,305.783222617232,4.109941156200542,21.36322261723194,5.500000000000019,False,False,0.0,-3.2939878289163502,0.10000000000000375,0.0,False
271,27.1,284.5200000000001,1.0000000000000375,306.1988185570739,4.155959398418563,21.678818557073782,5.500000000000019,False,False,0.0,0.46018242218020866,0.10000000000000375,0.0,False
272,27.200000000000003,284.6200000000001,1.0000000000000375,306.6135625952375,4.147440381636449,21.993562595237393,5.500000000000019,False,False,0.0,-0.08519016782113664,0.10000000000000375,0.0,False
273,27.3,284.72000000000014,1.0000000000000375,306.98852440807724,3.749618128397145,22.2685244080771,5.500000000000019,False,False,0.0,-3.9782225323930422,0.10000000000000375,0.0,False
274,27.400000000000002,284.82000000000016,1.0000000000000375,307.35988527767853,3.7136086960126806,22.539885277678366,5.500000000000019,False,False,0.0,-0.36009432384464324,0.10000000000000375,0.0,False
275,27.5,284.9200000000002,1.0000000000000375,307.72565083180297,3.657655541244512,22.80565083180278,5.500000000000019,False,False,0.0,-0.559531547681688,0.10000000000000375,0.0,False
276,27.6,285.0200000000002,1.0000000000000375,308.09189430864075,3.6624347683777385,23.071894308640537,5.500000000000019,False,False,0.0,0.04779227133226338,0.10000000000000375,0.0,False
277,27.700000000000003,285.12000000000023,1.0000000000000375,308.4574149411565,3.6552063251577978,23.337414941156283,5.500000000000019,False,False,0.0,-0.07228443219940872,0.10000000000000375,0.0,False
278,27.8,285.22000000000025,1.0000000000000375,308.78918560124214,3.3177066008562077,23.569185601241884,5.500000000000019,False,False,0.0,-3.374997243015901,0.10000000000000375,0.0,False
279,27.900000000000002,285.3200000000003,1.0000000000000375,309.1244332414881,3.3524764024595815,23.8044332414878,5.500000000000019,False,False,0.0,0.3476980160337353,0.10000000000000375,0.0,False
280,28.0,285.4200000000003,1.0000000000000375,309.4522875973531,3.278543558650452,24.03228759735282,5.500000000000019,False,False,0.0,-0.7393284380912915,0.10000000000000375,0.0,False
281,28.1,285.5200000000003,1.0000000000000375,309.7505235996624,2.98236002309285,24.230523599662092,5.500000000000019,False,False,0.0,-2.961835355576021,0.10000000000000375,0.0,False
282,28.200000000000003,285.62000000000035,1.0000000000000375,310.0390116773123,2.8848807764988256,24.41901167731197,5.500000000000019,False,False,0.0,-0.9747924659402474,0.10000000000000375,0.0,False
283,28.3,285.72000000000037,1.0000000000000375,310.3312359194953,2.922242421830224,24.61123591949496,5.500000000000019,False,False,0.0,0.37361645331398363,0.10000000000000375,0.0,False
284,28.400000000000002,285.8200000000004,1.0000000000000375,310.6317559354132,3.0052001591786106,24.811755935412805,5.500000000000019,False,False,0.0,0.8295773734838685,0.10000000000000375,0.0,False
285,28.5,285.9200000000004,1.0000000000000375,310.9223807480841,2.906248126708904,25.00238074808368,5.500000000000019,False,False,0.0,-0.9895203246970683,0.10000000000000375,0.0,False
286,28.6,286.0300000000004,1.1000000000000376,311.22019191687696,2.978111687928424,25.19019191687653,5.5500000000000185,False,False,1.0,0.7186356121952,0.010000000000003756,1.0,False
287,28.700000000000003,286.15000000000043,1.2000000000000377,311.52098616961206,3.0079425273509197,25.370986169611626,5.600000000000019,False,False,1.0,0.2983083942249558,0.020000000000003765,1.0,False
288,28.8,286.2800000000004,1.3000000000000378,311.82335041394293,3.0236424433087596,25.543350413942505,5.650000000000019,False,False,1.0,0.15699915957840105,0.030000000000003774,1.0,False
289,28.900000000000002,286.4200000000004,1.4000000000000379,312.12692525808455,3.035748441415971,25.70692525808414,5.700000000000019,False,False,1.0,0.12105998107211757,0.04000000000000378,1.0,False
290,29.0,286.5700000000004,1.500000000000038,312.4275486948305,3.006234367459253,25.857548694830086,5.750000000000019,False,False,1.0,-0.29514073956718234,0.05000000000000379,1.0,False
291,29.1,286.7300000000004,1.600000000000038,312.7220728812966,2.945241864660994,25.992072881296167,5.800000000000019,False,False,1.0,-0.6099250279825854,0.0600000000000038,1.0,False
292,29.200000000000003,286.90000000000043,1.7000000000000381,313.01238912268644,2.90316241389837,26.11238912268601,5.850000000000019,False,False,1.0,-0.42079450762624515,0.07000000000000381,1.0,False
293,29.3,287.08000000000044,1.8000000000000382,313.301260110663,2.8887098797655852,26.22126011066257,5.900000000000019,False,False,1.0,-0.14452534132784756,0.08000000000000382,1.0,False
294,29.400000000000002,287.27000000000044,1.9000000000000383,313.58720179589295,2.859416852299183,26.317201795892515,5.950000000000019,False,False,1.0,-0.2929302746640192,0.09000000000000383,1.0,False
295,29.5,287.4700000000004,2.000000000000038,313.8784891712913,2.9128737539835363,26.408489171290853,6.0000000000000195,False,False,1.0,0.5345690168435331,0.10000000000000384,1.0,False
296,29.6,287.6800000000004,2.1000000000000383,314.17444144804415,2.9595227675288216,26.494441448043744,6.050000000000019,False,False,1.0,0.466490135452855,0.11000000000000384,1.0,False
297,29.700000000000003,287.90000000000043,2.2000000000000384,314.4648216588152,2.9038021077104617,26.564821658814765,6.100000000000019,False,False,1.0,-0.5572065981835979,0.12000000000000385,1.0,False
298,29.8,288.13000000000045,2.3000000000000385,314.74918082805476,2.843591692395875,26.61918082805431,6.150000000000019,False,False,1.0,-0.6021041531458666,0.13000000000000386,1.0,False
299,29.900000000000002,288.37000000000046,2.4000000000000385,315.0010816492785,2.519008212237342,26.63108164927803,6.200000000000019,False,False,1.0,-3.2458348015853318,0.14000000000000387,1.0,False
300,30.0,288.62000000000046,2.5000000000000386,315.2152008778829,2.14119228604419,26.595200877882462,6.2500000000000195,False,False,1.0,-3.7781592619315187,0.15000000000000388,1.0,False
