step,time,x_ego,v_ego,x_front,v_front,distance,safe_distance,collision,safety_violation,a_ego,a_front,reward,a_nom,use_cbf,method
1,0.1,1.9878852100670337,19.878852100670336,23.804406489868843,18.044064898688433,21.816521279801808,14.939426050335168,False,False,-1.2114789932966232,0.4406489868843162,1.8411170749471337,-1.2114789932966232,True,RL + CBF
2,0.2,3.9641680711507794,19.76282861083746,25.57485963119032,17.704531413214802,21.61069156003954,14.88141430541873,False,False,-1.1602348983287811,-3.3953348547363205,1.8416683591537462,-1.1602348983287811,True,RL + CBF
3,0.30000000000000004,5.927874392420053,19.637063212692738,27.307159544407178,17.32299913216856,21.379285151987126,14.818531606346369,False,False,-1.2576539814472198,-3.8153228104624044,1.8055369675642694,-1.2576539814472198,True,RL + CBF
4,0.4,7.878040764629841,19.501663722097874,29.036370672164896,17.29211127757717,21.158329907535055,14.750831861048937,False,False,-1.353994905948639,-0.3088785459139045,1.7668361516763011,-1.353994905948639,True,RL + CBF
5,0.5,9.814843683838845,19.368029192090034,30.76635813460268,17.299874624377843,20.951514450763835,14.684014596045017,False,False,-1.336345300078392,0.07763346800671389,1.7582210431048426,-1.336345300078392,True,RL + CBF
6,0.6000000000000001,11.73860565148294,19.237619676440953,32.5000499870484,17.336918524457193,20.761444335565457,14.618809838220477,False,False,-1.3040951564908028,0.370439000793519,1.7536955499258182,-1.3040951564908028,True,RL + CBF
7,0.7000000000000001,13.649788763895632,19.111831124126912,34.24130418822194,17.412542011735383,20.591515424326307,14.555915562063456,False,False,-1.2578855231404305,0.7562348727818908,1.7529555134800638,-1.2578855231404305,True,RL + CBF
8,0.8,15.54906238242984,18.992736185342075,35.955967739599046,17.146635513771063,20.406905357169208,14.496368092671037,False,False,-1.1909493878483772,-2.6590649796431958,1.7574375740925652,-1.1909493878483772,True,RL + CBF
9,0.9,17.43575013265014,18.86687750220299,37.67180508754507,17.158373479460213,20.23605495489493,14.433438751101495,False,False,-1.2585868313908577,0.11737965689150331,1.728283669005251,-1.2585868313908577,True,RL + CBF
10,1.0,19.310277095958593,18.745269633084536,39.351604465272786,16.79799377727719,20.041327369314192,14.372634816542268,False,False,-1.2160786911845207,-3.6037970218302426,1.7266422249931481,-1.2160786911845207,True,RL + CBF
11,1.1,21.171655123978855,18.61378028020263,41.04076907451489,16.89164609242107,19.869113950536036,14.306890140101315,False,False,-1.3148935288190842,0.936523151438795,1.6884835288072326,-1.3148935288190842,True,RL + CBF
12,1.2000000000000002,23.020599748492245,18.48944624513388,42.733780136070386,16.930110615554934,19.71318038757814,14.24472312256694,False,False,-1.2433403506875038,0.38464523133862816,1.6943551017486156,-1.2433403506875038,True,RL + CBF
13,1.3,24.85768400188536,18.37084253393114,44.43468333089596,17.009031948255704,19.576999329010597,14.18542126696557,False,False,-1.1860371120274067,0.7892133270076946,1.6964158502824829,-1.1860371120274067,True,RL + CBF
14,1.4000000000000001,26.683724862672396,18.260408607870342,46.096367621386186,16.61684290490228,19.41264275871379,14.130204303935171,False,False,-1.1043392606079578,-3.9218904335342355,1.7040843405350212,-1.1043392606079578,True,RL + CBF
15,1.5,28.497409312985845,18.13684450313449,47.765614761945,16.692471405588165,19.268205448959158,14.068422251567245,False,False,-1.2356410473585129,0.7562850068588263,1.6610035705217248,-1.2356410473585129,True,RL + CBF
16,1.6,30.299504376538106,18.020950635522606,49.40328405500392,16.376692930589176,19.103779678465816,14.010475317761303,False,False,-1.1589386761188507,-3.1577847499898954,1.6677811780518494,-1.1589386761188507,True,RL + CBF
17,1.7000000000000002,32.0890858508274,17.895814742892984,51.0416166537623,16.383325987583778,18.952530802934895,13.947907371446492,False,False,-1.2513589262962341,0.06633056994603415,1.632991558047172,-1.2513589262962341,True,RL + CBF
18,1.8,33.866615585871045,17.775297350436453,52.676259565140796,16.34642911378499,18.80964397926975,13.887648675218227,False,False,-1.2051739245653152,-0.3689687379878741,1.632285316198429,-1.2051739245653152,True,RL + CBF
19,1.9000000000000001,35.6323884722218,17.657728863507515,54.31759498995724,16.413354248164463,18.685206517735445,13.828864431753757,False,False,-1.1756848692893982,0.6692513437947458,1.6275493951631486,-1.1756848692893982,True,RL + CBF
20,2.0,37.38721719004214,17.54828717820347,55.933933301072585,16.163383111153458,18.54671611103044,13.774143589101735,False,False,-1.0944168530404568,-2.499711370110065,1.6350538929984493,-1.0944168530404568,True,RL + CBF
21,2.1,39.13037536919118,17.431581791490323,57.55523492527553,16.213016242029425,18.42485955608435,13.715790895745162,False,False,-1.1670538671314716,0.4963313087596788,1.6069567062703802,-1.1670538671314716,True,RL + CBF
22,2.2,40.862606608644136,17.32231239452959,59.1823221360475,16.270872107719722,18.319715527403368,13.661156197264795,False,False,-1.0926939696073532,0.578558656902977,1.6128332283313316,-1.0926939696073532,True,RL + CBF
23,2.3000000000000003,42.58475155673922,17.22144948095084,60.778367217342996,15.960450812954903,18.193615660603776,13.61072474047542,False,False,-1.008629135787487,-3.1042129476481897,1.620411674739143,-1.008629135787487,True,RL + CBF
24,2.4000000000000004,44.2956828390062,17.109312822669754,62.37028458160596,15.919173642629639,18.07460174259976,13.554656411334877,False,False,-1.1213665828108788,-0.412771703252641,1.5851849809624807,-1.1213665828108788,True,RL + CBF
25,2.5,45.9957086858526,17.000258468464025,63.954802517311286,15.845179357053295,17.959093831458688,13.500129234232013,False,False,-1.0905435420572758,-0.7399428557634447,1.5810973251341198,-1.0905435420572758,True,RL + CBF
26,2.6,47.68496933355929,16.892606477066884,65.51289716367542,15.580946463641274,17.82792783011613,13.446303238533442,False,False,-1.076519913971424,-2.642328934120218,1.5733711351889843,-1.076519913971424,True,RL + CBF
27,2.7,49.36264184072615,16.776725071668636,67.06630274322698,15.53405579551572,17.703660902500836,13.388362535834318,False,False,-1.1588140539824963,-0.4689066812555476,1.5433875059961288,-1.1588140539824963,True,RL + CBF
28,2.8000000000000003,51.02901012901218,16.663682882860314,68.6107755736809,15.444728304539135,17.58176544466872,13.331841441430157,False,False,-1.1304218880832195,-0.8932749097658392,1.5385829237802684,-1.1304218880832195,True,RL + CBF
29,2.9000000000000004,52.68414725665004,16.551371276378642,70.14818297563292,15.374074019520297,17.464035718982878,13.275685638189321,False,False,-1.1231160648167133,-0.7065428501883797,1.5289981581329264,-1.1231160648167133,True,RL + CBF
30,3.0,54.32822264805437,16.440753914043317,71.68958554478537,15.414025691524483,17.361362896731002,13.220376957021658,False,False,-1.1061736233532429,0.39951672004186234,1.5217133829040876,-1.1061736233532429,True,RL + CBF
31,3.1,55.962006662348294,16.33784014293925,73.19926923369421,15.096836889088395,17.237262571345916,13.168920071469625,False,False,-1.0291377110406756,-3.1718880243608636,1.527871571465321,-1.0291377110406756,True,RL + CBF
32,3.2,57.5843445553817,16.22337893033401,74.70723650799358,15.079672742993775,17.122891952611887,13.111689465167006,False,False,-1.1446121260523796,-0.1716414609461947,1.4913242011227863,-1.1446121260523796,True,RL + CBF
33,3.3000000000000003,59.19568952358329,16.113449682015936,76.18592171041128,14.786852024176877,16.99023218682799,13.056724841007968,False,False,-1.0992924831807613,-2.928207188168977,1.4905005718438211,-1.0992924831807613,True,RL + CBF
34,3.4000000000000004,60.79509371954949,15.994041959662,77.66490469507013,14.789829846588539,16.869810975520643,12.997020979831,False,False,-1.1940772235393524,0.029778224116617125,1.4568221543886553,-1.1940772235393524,True,RL + CBF
35,3.5,62.383104403214546,15.880106836650532,79.14561878053902,14.807140854688937,16.76251437732448,12.940053418325267,False,False,-1.1393512301146984,0.17311008100398584,1.4581985611086654,-1.1393512301146984,True,RL + CBF
36,3.6,63.96037289204078,15.772684888262313,80.61908236009084,14.734635795518184,16.658709468050063,12.886342444131156,False,False,-1.0742194838821888,-0.725050591707525,1.4618737388710197,-1.0742194838821888,True,RL + CBF
37,3.7,65.52706617488528,15.666932828444999,82.06869376541685,14.496114053260088,16.541627590531576,12.8334664142225,False,False,-1.0575205981731415,-2.3852174225809524,1.454858301288452,-1.0575205981731415,True,RL + CBF
38,3.8000000000000003,67.08244887530806,15.553827004227799,83.5116122546852,14.429184892683475,16.429163379377144,12.7769135021139,False,False,-1.1310582421720028,-0.6692916057661344,1.427453425704258,-1.1310582421720028,True,RL + CBF
39,3.9000000000000004,68.62672762700359,15.442787516955297,84.95148606114846,14.398738064632576,16.32475843414487,12.72139375847765,False,False,-1.11039487272501,-0.3044682805089869,1.4209810743581308,-1.11039487272501,True,RL + CBF
40,4.0,70.1603103183024,15.335826912987988,86.39587982731872,14.443937661702666,16.23556950901633,12.667913456493995,False,False,-1.06960603967309,0.4519959707009029,1.4191769832882837,-1.06960603967309,True,RL + CBF
41,4.1000000000000005,71.68389300960119,15.235826912987989,87.8427470376301,14.468672103113787,16.158854028028912,12.617913456493994,False,False,-1.0,0.24734441411121777,1.4235826912987988,-0.9838128462433815,True,RL + CBF
42,4.2,73.19747570089999,15.135826912987989,89.28659221478104,14.438451771509357,16.089116513881052,12.567913456493994,False,False,-1.0,-0.30220331604431494,1.413582691298799,-0.9070482142269611,True,RL + CBF
43,4.3,74.70105839219879,15.03582691298799,90.73835511629589,14.51762901514857,16.037296724097104,12.517913456493995,False,False,-1.0,0.7917724363921337,1.403582691298799,-0.859351921826601,True,RL + CBF
44,4.4,76.19464108349759,14.93582691298799,92.19941481875372,14.610597024578247,16.004773735256137,12.467913456493996,False,False,-1.0,0.9296800942967711,1.393582691298799,-0.7353020906448364,True,RL + CBF
45,4.5,77.67822377479638,14.83582691298799,93.66290843561573,14.634936168620072,15.984684660819354,12.417913456493995,False,False,-1.0,0.24339144041824357,1.383582691298799,-0.5935970991849899,True,RL + CBF
46,4.6000000000000005,79.15180646609518,14.73582691298799,95.10539183765188,14.424834020361487,15.953585371556699,12.367913456493994,False,False,-1.0,-2.1010214825858577,1.373582691298799,-0.49421781301498413,True,RL + CBF
47,4.7,80.61538915739398,14.63582691298799,96.54944303197577,14.440511943238914,15.934053874581792,12.317913456493995,False,False,-1.0,0.15677922877426353,1.3635826912987992,-0.5508757680654526,True,RL + CBF
48,4.800000000000001,82.06897184869278,14.535826912987991,97.98823476590452,14.387917339287519,15.91926291721174,12.267913456493996,False,False,-1.0,-0.5259460395139446,1.3535826912987992,-0.45721830427646637,True,RL + CBF
49,4.9,83.51255453999158,14.435826912987991,99.42850008956673,14.402653236621976,15.915945549575142,12.217913456493996,False,False,-1.0,0.1473589733445717,1.3435826912987991,-0.4077842980623245,True,RL + CBF
50,5.0,84.94613723129038,14.335826912987992,100.84110831150134,14.12608221934612,15.894971080210965,12.167913456493995,False,False,-1.0,-2.7657101727585522,1.3335826912987991,-0.3156118839979172,True,RL + CBF
51,5.1000000000000005,86.36971992258918,14.235826912987992,102.2542576954811,14.131493839797642,15.884537772891917,12.117913456493996,False,False,-1.0,0.05411620451521859,1.3235826912987991,-0.4074217528104782,True,RL + CBF
52,5.2,87.78330261388798,14.135826912987993,103.66455247466092,14.102947791798142,15.88124986077294,12.067913456493997,False,False,-1.0,-0.28546047999500046,1.3135826912987993,-0.3217571824789047,True,RL + CBF
53,5.300000000000001,89.18688530518678,14.035826912987993,105.07731445615657,14.127619814956503,15.890429150969794,12.017913456493996,False,False,-1.0,0.24672023158360545,1.3035826912987993,-0.2582922726869583,True,RL + CBF
54,5.4,90.58880501557147,14.019197103846833,106.4686651823271,13.913507261705256,15.879860166755634,12.009598551923418,False,False,-0.16629809141159058,-2.1411255325124774,1.3991542048639696,-0.16629809141159058,True,RL + CBF
55,5.5,91.98072472595615,13.919197103846834,107.86996236550665,14.012971831795552,15.889237639550501,11.959598551923417,False,False,-1.0,0.994645700902961,1.2919197103846833,-0.27614782750606537,True,RL + CBF
56,5.6000000000000005,93.37122233925393,13.904976132977769,109.26400226367879,13.940398981721327,15.892779924424858,11.952488066488884,False,False,-0.1422097086906433,-0.7257285007422445,1.3884752531731892,-0.1422097086906433,True,RL + CBF
57,5.7,94.76002646955668,13.888041303027435,110.66197852508073,13.979762614019307,15.901952055524049,11.944020651513718,False,False,-0.16934829950332642,0.39363632297980033,1.3859362456482769,-0.16934829950332642,True,RL + CBF
58,5.800000000000001,96.14748641110963,13.874599415529534,112.0350640475347,13.7308552245398,15.887577636425078,11.937299707764767,False,False,-0.13441887497901917,-2.4890738947950672,1.3856530981578912,-0.13441887497901917,True,RL + CBF
59,5.9,97.52494635266258,13.774599415529535,113.41661006069961,13.815460131649097,15.89166370803703,11.887299707764768,False,False,-1.0,0.8460490710929667,1.2774599415529535,-0.26565127074718475,True,RL + CBF
60,6.0,98.90100033598027,13.760539833176896,114.79064149310396,13.74031432404353,15.889641157123691,11.880269916588448,False,False,-0.14059582352638245,-0.7514580760556706,1.3740772647583834,-0.14059582352638245,True,RL + CBF
61,6.1000000000000005,100.26705431929796,13.660539833176896,116.12519714524586,13.345556521419073,15.858142825947908,11.830269916588449,False,False,-1.0,-3.9475780262445612,1.2660539833176896,-0.17083120346069336,True,RL + CBF
62,6.2,101.62310830261565,13.560539833176897,117.42467701873983,12.994798734939682,15.80156871612418,11.780269916588448,False,False,-1.0,-3.507577864793908,1.2560539833176896,-0.33107423782348633,True,RL + CBF
63,6.300000000000001,102.96916228593334,13.460539833176897,118.72493351352063,13.002564947808013,15.755771227587289,11.730269916588448,False,False,-1.0,0.07766212868330569,1.2460539833176898,-0.48838235437870026,True,RL + CBF
64,6.4,104.30521626925102,13.360539833176897,120.03203062614863,13.070971126279934,15.726814356897606,11.680269916588449,False,False,-1.0,0.6840617847192114,1.2360539833176898,-0.40449559688568115,True,RL + CBF
65,6.5,105.63127025256871,13.260539833176898,121.30471141235684,12.726807862082161,15.673441159788126,11.63026991658845,False,False,-1.0,-3.441632641977721,1.2260539833176898,-0.28107714653015137,True,RL + CBF
66,6.6000000000000005,106.9473242358864,13.160539833176898,122.58678411353145,12.820727011746095,15.639459877645052,11.580269916588449,False,False,-1.0,0.9391914966393491,1.2160539833176898,-0.43115465342998505,True,RL + CBF
67,6.7,108.2533782192041,13.060539833176898,123.85922976049352,12.724456469620684,15.605851541289425,11.530269916588448,False,False,-1.0,-0.962705421254114,1.2060539833176898,-0.2902885228395462,True,RL + CBF
68,6.800000000000001,109.54943220252179,12.960539833176899,125.1263348929324,12.671051324388888,15.57690269041062,11.48026991658845,False,False,-1.0,-0.5340514523179591,1.19605398331769,-0.27468396723270416,True,RL + CBF
69,6.9,110.83548618583947,12.8605398331769,126.39119723825257,12.648623453201722,15.555711052413102,11.43026991658845,False,False,-1.0,-0.2242787118716565,1.18605398331769,-0.2319330871105194,True,RL + CBF
70,7.0,112.11154016915717,12.7605398331769,127.66100201642749,12.698047781749159,15.549461847270322,11.38026991658845,False,False,-1.0,0.49424328547436924,1.17605398331769,-0.17088252305984497,True,RL + CBF
71,7.1000000000000005,113.37759415247486,12.6605398331769,128.92353589911562,12.625338826881295,15.545941746640764,11.330269916588449,False,False,-1.0,-0.72708954867863,1.16605398331769,-0.07256445288658142,True,RL + CBF
72,7.2,114.63364813579254,12.5605398331769,130.14849665091856,12.249607518029443,15.514848515126019,11.28026991658845,False,False,-1.0,-3.7573130885185253,1.15605398331769,-0.04210421442985535,True,RL + CBF
73,7.300000000000001,115.87970211911023,12.4605398331769,131.33560728530364,11.871106343850661,15.455905166193403,11.230269916588451,False,False,-1.0,-3.785011741787814,1.1460539833176902,-0.1799386441707611,True,RL + CBF
74,7.4,117.11575610242792,12.360539833176901,132.52697769929637,11.913704139927196,15.411221596868444,11.18026991658845,False,False,-1.0,0.4259779607653533,1.1360539833176901,-0.352566733956337,True,RL + CBF
75,7.5,118.3418100857456,12.260539833176901,133.70859923289228,11.816215335959019,15.366789147146676,11.13026991658845,False,False,-1.0,-0.9748880396817683,1.1260539833176901,-0.2486635446548462,True,RL + CBF
76,7.6000000000000005,119.5578640690633,12.160539833176902,134.86956629308818,11.609670601959072,15.311702224024884,11.08026991658845,False,False,-1.0,-2.065447339999456,1.1160539833176901,-0.2380787432193756,True,RL + CBF
77,7.7,120.76391805238099,12.060539833176902,136.0245992179773,11.55032924889127,15.260681165596324,11.030269916588452,False,False,-1.0,-0.593413530678019,1.1060539833176901,-0.3015115559101105,True,RL + CBF
78,7.800000000000001,121.95997203569868,11.960539833176902,137.18450865994794,11.599094419706288,15.224536624249254,10.980269916588451,False,False,-1.0,0.4876517081501859,1.09605398331769,-0.26727382838726044,True,RL + CBF
79,7.9,123.14602601901638,11.860539833176903,138.34604528046404,11.61536620516094,15.200019261447665,10.93026991658845,False,False,-1.0,0.16271785454651555,1.0860539833176903,-0.16335776448249817,True,RL + CBF
80,8.0,124.32208000233406,11.760539833176903,139.51451847700994,11.684731965458948,15.192438474675882,10.880269916588452,False,False,-1.0,0.6936576029800705,1.0760539833176903,-0.08479854464530945,True,RL + CBF
81,8.1,125.48813398565176,11.660539833176903,140.68286706784122,11.683485908312694,15.194733082189458,10.830269916588453,False,False,-1.0,-0.012460571462540093,1.0660539833176903,0.015327602624893188,True,RL + CBF
82,8.200000000000001,126.65492124050866,11.667872548569017,141.8577952766635,11.74928208822273,15.202874036154839,10.833936274284508,False,False,0.07332715392112732,0.6579617991003575,1.1662495677066846,0.07332715392112732,True,RL + CBF
83,8.3,127.82268681709665,11.677655765879923,143.02309500952933,11.652997328658211,15.200408192432675,10.838827882939961,False,False,0.09783217310905457,-0.962847595645181,1.1668084631784683,0.09783217310905457,True,RL + CBF
84,8.4,128.98045239368466,11.577655765879923,144.15812164461389,11.350266350845617,15.177669250929227,10.788827882939962,False,False,-1.0,-3.0273097781259364,1.0577655765879923,0.051286011934280396,True,RL + CBF
85,8.5,130.12821797027266,11.477655765879923,145.29452530844017,11.364036638262913,15.166307338167513,10.738827882939962,False,False,-1.0,0.13770287417296267,1.0477655765879923,-0.03771200776100159,True,RL + CBF
86,8.6,131.26598354686064,11.377655765879924,146.4407012953547,11.461759869145403,15.17471774849406,10.688827882939961,False,False,-1.0,0.9772323088248978,1.0377655765879923,0.030422359704971313,True,RL + CBF
87,8.700000000000001,132.40502962731767,11.390460804570491,147.58448010572172,11.437788103670114,15.17945047840405,10.695230402285246,False,False,0.12805038690567017,-0.2397176547528992,1.13740639029838,0.12805038690567017,True,RL + CBF
88,8.8,133.54520402399834,11.401743966806706,148.73316560470687,11.486854989851414,15.187961580708532,10.700871983403353,False,False,0.11283162236213684,0.4906688618130042,1.1389012991801835,0.11283162236213684,True,RL + CBF
89,8.9,134.68665522578183,11.414512017834957,149.87714949484527,11.439838901383975,15.190494269063436,10.70725600891748,False,False,0.12768051028251648,-0.4701608846743812,1.1398209705128952,0.12768051028251648,True,RL + CBF
90,9.0,135.82913455076527,11.424793249834353,150.98853506894196,11.113855740966796,15.159400518176682,10.712396624917176,False,False,0.10281231999397278,-3.2598316041717874,1.141422287669181,0.10281231999397278,True,RL + CBF
91,9.1,136.9616138757487,11.324793249834354,152.09412412323692,11.055890542949765,15.132510247488227,10.662396624917177,False,False,-1.0,-0.5796519801703208,1.0324793249834354,-0.06565999984741211,True,RL + CBF
92,9.200000000000001,138.08409320073213,11.224793249834354,153.19104390715898,10.969197839220588,15.106950706426858,10.612396624917178,False,False,-1.0,-0.8669270372917701,1.0224793249834354,-0.03445696830749512,True,RL + CBF
93,9.3,139.19657252571557,11.124793249834354,154.2940587823559,11.030148751969257,15.097486256640337,10.562396624917177,False,False,-1.0,0.6095091274866908,1.0124793249834354,-0.019501417875289917,True,RL + CBF
94,9.4,140.29905185069902,11.024793249834355,155.39986287517044,11.058040928145244,15.100811024471426,10.512396624917177,False,False,-1.0,0.27892176175988026,1.0024793249834354,0.06871071457862854,True,RL + CBF
95,9.5,141.40285898209564,11.03807131396609,156.51416312739295,11.143002522225114,15.11130414529731,10.519035656983046,False,False,0.13278064131736755,0.8496159407987014,1.102044061525744,0.13278064131736755,True,RL + CBF
96,9.600000000000001,142.5082687327826,11.05409750686961,157.61978260142914,11.056194740361919,15.11151386864654,10.527048753434805,False,False,0.16026192903518677,-0.8680778186319524,1.102841362097153,0.16026192903518677,True,RL + CBF
97,9.700000000000001,143.61486824194915,11.065995091665561,158.7308456360562,11.110630346270568,15.115977394107034,10.532997545832782,False,False,0.11897584795951843,0.5443560590864935,1.1051839839267874,0.11897584795951843,True,RL + CBF
98,9.8,144.72282261207715,11.079543701279933,159.85054811206717,11.197024760109935,15.12772549999002,10.539771850639966,False,False,0.13548609614372253,0.8639441383936746,1.1061187219031667,0.13548609614372253,True,RL + CBF
99,9.9,145.8324093910029,11.095867789257342,160.9349378298006,10.843897177334219,15.102528438797691,10.54793389462867,False,False,0.16324087977409363,-3.5312758277571588,1.1069220204427923,0.16324087977409363,True,RL + CBF
100,10.0,146.93199616992862,10.995867789257343,162.02830787394777,10.933700441471743,15.096311704019143,10.497933894628671,False,False,-1.0,0.8980326413752329,0.9995867789257343,-0.003915280103683472,True,RL + CBF
101,10.100000000000001,148.02158294885436,10.895867789257343,163.12281098185883,10.945031079110773,15.101228033004475,10.447933894628672,False,False,-1.0,0.11330637639031282,0.9895867789257343,0.09526726603507996,True,RL + CBF
102,10.200000000000001,149.11266719643044,10.910842475760754,164.22014541394884,10.97334432090004,15.107478217518405,10.455421237880376,False,False,0.1497468650341034,0.28313241789267507,1.0888418352173213,0.1497468650341034,True,RL + CBF
103,10.3,150.20529527732188,10.926280808914479,165.31719965938078,10.970542454319421,15.111904382058896,10.463140404457238,False,False,0.1543833315372467,-0.02801866580618051,1.090244659585794,0.1543833315372467,True,RL + CBF
104,10.4,151.2993902264351,10.940949491132077,166.4152448632429,10.980452038621134,15.115854636807796,10.470474745566039,False,False,0.14668682217597961,0.09909584301712515,1.0919432467331989,0.14668682217597961,True,RL + CBF
105,10.5,152.3949264072163,10.955361807812032,167.52166473581767,11.064198725747856,15.126738328601363,10.477680903906016,False,False,0.1441231667995453,0.8374668712672122,1.0934590320603703,0.1441231667995453,True,RL + CBF
106,10.600000000000001,153.4921651803704,10.972387731540975,168.63734985896127,11.156851231435999,15.14518467859088,10.486193865770488,False,False,0.1702592372894287,0.9265250568814236,1.0943399523658597,0.1702592372894287,True,RL + CBF
107,10.700000000000001,154.59137722280826,10.99212042437869,169.74556157249367,11.082117135323927,15.154184349685409,10.496060212189345,False,False,0.1973269283771515,-0.7473409611207253,1.0953182507715928,0.1973269283771515,True,RL + CBF
108,10.8,155.69222503038142,11.008478075731572,170.8238865293396,10.783249568459306,15.13166149895818,10.504239037865787,False,False,0.16357651352882385,-2.9886756686462066,1.0981720799953327,0.16357651352882385,True,RL + CBF
109,10.9,156.7830728379546,10.908478075731573,171.8811708904099,10.572843610702842,15.098098052455299,10.454239037865786,False,False,-1.0,-2.1040595775646382,0.9908478075731574,0.022795766592025757,True,RL + CBF
110,11.0,157.86392064552774,10.808478075731573,172.92875563109502,10.475847406851265,15.064834985567273,10.404239037865786,False,False,-1.0,-0.9699620385157552,0.9808478075731574,-0.029994040727615356,True,RL + CBF
111,11.100000000000001,158.9347684531009,10.708478075731573,173.97298164326747,10.442260121724633,15.038213190166573,10.354239037865787,False,False,-1.0,-0.33587285126632604,0.9708478075731574,-0.023675918579101562,True,RL + CBF
112,11.200000000000001,159.99561626067407,10.608478075731574,174.99339746928246,10.20415826014995,14.997781208608387,10.304239037865788,False,False,-1.0,-2.381018615746836,0.9608478075731574,0.01632252335548401,True,RL + CBF
113,11.3,161.04646406824722,10.508478075731574,176.0226154449441,10.292179756616623,14.97615137669689,10.254239037865787,False,False,-1.0,0.8802149646667343,0.9508478075731576,-0.055195897817611694,True,RL + CBF
114,11.4,162.08731187582038,10.408478075731574,177.059410060294,10.367946153498991,14.972098184473623,10.204239037865786,False,False,-1.0,0.7576639688236881,0.9408478075731576,0.04850831627845764,True,RL + CBF
115,11.5,163.11815968339354,10.308478075731575,178.10431252201806,10.44902461724072,14.98615283862452,10.154239037865787,False,False,-1.0,0.8107846374172984,0.9308478075731575,0.1326676309108734,True,RL + CBF
116,11.600000000000001,164.1510724792818,10.32912795888263,179.15014192006254,10.458293980444795,14.999069440780744,10.164563979441315,False,False,0.20649883151054382,0.09269363204074654,1.0286486191467412,0.20649883151054382,True,RL + CBF
117,11.700000000000001,165.18601359232352,10.349411130417169,180.1916856951417,10.415437750791625,15.005672102818181,10.174705565208583,False,False,0.2028317153453827,-0.42856229653170486,1.0308270425667219,0.2028317153453827,True,RL + CBF
118,11.8,166.22275589127116,10.367422989476502,181.23521167637378,10.435259812320801,15.012455785102617,10.183711494738251,False,False,0.180118590593338,0.19822061529175672,1.033498028279917,0.180118590593338,True,RL + CBF
119,11.9,167.2613037883586,10.38547897087413,182.2506072857698,10.15395609396013,14.989303497411214,10.192739485437066,False,False,0.18055981397628784,-2.813037183606726,1.0352877124450979,0.18055981397628784,True,RL + CBF
120,12.0,168.289851685446,10.28547897087413,183.27215010574352,10.215428199737097,14.982298420297525,10.142739485437065,False,False,-1.0,0.6147210577696829,0.9285478970874131,0.05059024691581726,True,RL + CBF
121,12.100000000000001,169.3083995825334,10.185478970874131,184.30155069988774,10.294005941442128,14.99315111735433,10.092739485437065,False,False,-1.0,0.7857774170503027,0.9185478970874131,0.12776964902877808,True,RL + CBF
122,12.200000000000001,170.32895572133387,10.205561388004602,185.3246314980645,10.23080798176762,14.995675776730621,10.102780694002302,False,False,0.20082417130470276,-0.6319795967450699,1.0165231040224383,0.20082417130470276,True,RL + CBF
123,12.3,171.35121329915734,10.22257577823478,186.34995291978214,10.253214217176607,14.998739620624804,10.11128788911739,False,False,0.17014390230178833,0.22406235408986785,1.01936268307443,0.17014390230178833,True,RL + CBF
124,12.4,172.37518865065672,10.239753514993966,187.34367821509983,9.937252953176834,14.968489564443104,10.119876757496982,False,False,0.1717773675918579,-3.159612639997736,1.0210246050977176,0.1717773675918579,True,RL + CBF
125,12.5,173.38916400215612,10.139753514993966,188.34577554597706,10.020973308772339,14.95661154382094,10.069876757496983,False,False,-1.0,0.8372035559550517,0.9139753514993968,0.021457165479660034,True,RL + CBF
126,12.600000000000001,174.39313935365553,10.039753514993967,189.3274080598349,9.81632513857855,14.934268706179381,10.019876757496984,False,False,-1.0,-2.0464817019378807,0.9039753514993968,0.1111239492893219,True,RL + CBF
127,12.700000000000001,175.38711470515491,9.939753514993967,190.31851624445994,9.911081846250214,14.931401539305028,9.969876757496984,False,False,-1.0,0.9475670767166451,0.8939753514993968,0.06597065925598145,True,RL + CBF
128,12.8,176.3710900566543,9.839753514993967,191.31620134524456,9.976851007846353,14.945111288590255,9.919876757496983,False,False,-1.0,0.6576916159613859,0.8839753514993968,0.1527060568332672,True,RL + CBF
129,12.9,177.3572232402398,9.86133183585483,192.31644796999535,10.002466247507822,14.959224729755562,9.930665917927415,False,False,0.21578320860862732,0.2561523966147008,0.9814769442737397,0.21578320860862732,True,RL + CBF
130,13.0,178.34553345337534,9.883102131355585,193.31843126155925,10.01983291563904,14.972897808183916,9.941551065677793,False,False,0.2177029550075531,0.1736666813121659,0.9835707554736565,0.2177029550075531,True,RL + CBF
131,13.100000000000001,179.336011444228,9.90477990852672,194.32758082985174,10.091495682924847,14.991569385623734,9.95238995426336,False,False,0.2167777717113495,0.7166276728580847,0.9857787306218583,0.2167777717113495,True,RL + CBF
132,13.200000000000001,180.32882804626624,9.928166020382227,195.34069154311317,10.131107132614307,15.011863496846928,9.964083010191114,False,False,0.23386111855506897,0.396114496894606,0.98734749976104,0.23386111855506897,True,RL + CBF
133,13.3,181.32404329179812,9.95215245531875,196.35025587631134,10.095643331981657,15.026212584513218,9.976076227659375,False,False,0.23986434936523438,-0.3546380063265071,0.9894617549222343,0.23986434936523438,True,RL + CBF
134,13.4,182.32147185359176,9.974285617936433,197.35883768823777,10.085818119264328,15.03736583464601,9.987142808968215,False,False,0.2213316261768341,-0.09825212717330167,0.9925297929190352,0.2213316261768341,True,RL + CBF
135,13.5,183.3210100893027,9.995382357109369,198.36563572716264,10.067980389248765,15.044625637859951,9.997691178554685,False,False,0.21096739172935486,-0.1783773001556288,0.9950875116736282,0.21096739172935486,True,RL + CBF
136,13.600000000000001,184.32252392424297,10.015138349402728,199.36878144500668,10.031457178440421,15.046257520763703,10.007569174701363,False,False,0.1975599229335785,-0.3652321080834462,0.9976108426253206,0.1975599229335785,True,RL + CBF
137,13.700000000000001,185.3258061363085,10.032822120655359,200.37053210826716,10.017506632604674,15.044725971958655,10.01641106032768,False,False,0.1768377125263214,-0.1395054583574713,1.000155054408382,0.1768377125263214,True,RL + CBF
138,13.8,186.33073153965202,10.049254033435167,201.37583878935632,10.053066810891536,15.045107249704301,10.024627016717584,False,False,0.16431912779808044,0.3556017828686222,1.0022253257674845,0.16431912779808044,True,RL + CBF
139,13.9,187.337368807765,10.066372681129755,202.37967949063244,10.038407012761143,15.042310682867452,10.033186340564878,False,False,0.17118647694587708,-0.14659798130393442,1.0037067871240615,0.17118647694587708,True,RL + CBF
140,14.0,188.34558914991123,10.082203421462358,203.38947296798773,10.097934773552856,15.043883818076495,10.04110171073118,False,False,0.15830740332603455,0.5952776079171331,1.0057142187514527,0.15830740332603455,True,RL + CBF
141,14.100000000000001,189.3555560252725,10.099668753612818,204.40734328445953,10.178703164718131,15.051787259187023,10.049834376806409,False,False,0.1746533215045929,0.8076839116527439,1.006916497090023,0.1746533215045929,True,RL + CBF
142,14.200000000000001,190.3675005526471,10.119445273745836,205.42061776617194,10.132744817124083,15.053117213524843,10.059722636872918,False,False,0.19776520133018494,-0.45958347594048443,1.0080334198888667,0.19776520133018494,True,RL + CBF
143,14.3,191.38117878601915,10.136782333720506,206.4409902067383,10.203724405663563,15.059811420719143,10.068391166860252,False,False,0.1733705997467041,0.7097958853948048,1.0106724968863974,0.1733705997467041,True,RL + CBF
144,14.4,192.39678723206774,10.156084460485756,207.46740586898474,10.264156622464482,15.070618636917004,10.078042230242879,False,False,0.1930212676525116,0.6043221680091961,1.0118827250719575,0.1930212676525116,True,RL + CBF
145,14.5,193.4144724234476,10.17685191379863,208.49848438173694,10.310785127521983,15.084011958289352,10.088425956899314,False,False,0.2076745331287384,0.46628505057502223,1.0133723202088392,0.2076745331287384,True,RL + CBF
146,14.600000000000001,194.43432591378718,10.19853490339595,209.53498057269917,10.36496190962236,15.100654658911992,10.099267451697976,False,False,0.21682989597320557,0.541767821003776,1.01515196996082,0.21682989597320557,True,RL + CBF
147,14.700000000000001,195.45646053736127,10.22134623574096,210.57079096123326,10.358103885340757,15.11433042387199,10.11067311787048,False,False,0.2281133234500885,-0.06858024281603825,1.0169310547405515,0.2281133234500885,True,RL + CBF
148,14.8,196.4807822648625,10.243217275012315,211.59796553673567,10.271745755024098,15.11718327187316,10.121608637506156,False,False,0.21871039271354675,-0.8635813031665918,1.01953830391314,0.21871039271354675,True,RL + CBF
149,14.9,197.50690599902563,10.261237341631235,212.61673263379205,10.187670970563747,15.10982663476642,10.130618670815618,False,False,0.18020066618919373,-0.8407478446034953,1.0228765061536207,0.18020066618919373,True,RL + CBF
150,15.0,198.52302973318876,10.161237341631235,213.62913198787504,10.1239935408299,15.106102254686277,10.080618670815618,False,False,-1.0,-0.6367742973384725,0.9161237341631235,0.13919326663017273,True,RL + CBF
151,15.100000000000001,199.54072322868774,10.176934954989733,214.64903057485714,10.19898586982108,15.108307346169397,10.088467477494866,False,False,0.1569761335849762,0.7499232899117962,1.0152293448474445,0.1569761335849762,True,RL + CBF
152,15.200000000000001,200.56020942179518,10.194861931074442,215.67031905009415,10.212884752370154,15.110109628298972,10.097430965537221,False,False,0.17926976084709167,0.13898882549075142,1.0162724283920268,0.17926976084709167,True,RL + CBF
153,15.3,201.58146906944955,10.212596476543727,216.69094512578644,10.206260756922816,15.109476056336888,10.106298238271863,False,False,0.17734545469284058,-0.06623995447338737,1.0181145066243518,0.17734545469284058,True,RL + CBF
154,15.4,202.6044038087878,10.229347393382373,217.706072000635,10.151268748485633,15.10166819184721,10.114673696691186,False,False,0.16750916838645935,-0.5499200843718308,1.020128807188885,0.16750916838645935,True,RL + CBF
155,15.5,203.61733854812604,10.129347393382373,218.7174442722376,10.113722716026016,15.100105724111557,10.064673696691187,False,False,-1.0,-0.3754603245961661,0.9129347393382373,0.13785743713378906,True,RL + CBF
156,15.600000000000001,204.63193184601178,10.14593297885734,219.73700925433923,10.195649821016328,15.105077408327446,10.07296648942867,False,False,0.16585585474967957,0.8192710499031142,1.0118424814302596,0.16585585474967957,True,RL + CBF
157,15.700000000000001,205.64842585227487,10.164940062630953,220.74879206245575,10.117828081165134,15.10036621018088,10.082470031315477,False,False,0.19007083773612976,-0.7782173985119416,1.012881313927324,0.19007083773612976,True,RL + CBF
158,15.8,206.66644478943235,10.1801893715747,221.76056655398585,10.117744915300912,15.094121764553506,10.09009468578735,False,False,0.15249308943748474,-0.0008316586422278949,1.0156935229248514,0.15249308943748474,True,RL + CBF
159,15.9,207.68591703713906,10.194722477067293,222.76650493428411,10.059383802982671,15.080587897145051,10.097361238533647,False,False,0.14533105492591858,-0.583611123182417,1.0173601361541413,0.14533105492591858,True,RL + CBF
160,16.0,208.6953892848458,10.094722477067293,223.7794767520811,10.129718177969945,15.084087467235321,10.047361238533647,False,False,-1.0,0.703343749872734,0.9094722477067293,0.11323699355125427,True,RL + CBF
161,16.1,209.70670696686057,10.113176820147814,224.7947822712212,10.153055191400993,15.088075304360643,10.056588410073907,False,False,0.1845434308052063,0.23337013431047238,1.0079120542294457,0.1845434308052063,True,RL + CBF
162,16.2,210.71988589122927,10.131789243686976,225.80212713554982,10.073448643286152,15.082241244320556,10.065894621843487,False,False,0.18612423539161682,-0.7960654811484051,1.0097147012686862,0.18612423539161682,True,RL + CBF
163,16.3,211.73454073001668,10.146548387873949,226.80901481961945,10.06887684069611,15.074474089602774,10.073274193936975,False,False,0.14759144186973572,-0.04571802590043528,1.0124765154160762,0.14759144186973572,True,RL + CBF
164,16.400000000000002,212.75058194929773,10.160412192810359,227.81833862832386,10.093238087044192,15.067756679026132,10.08020609640518,False,False,0.13863804936408997,0.243612463480831,1.014119168407888,0.13863804936408997,True,RL + CBF
165,16.5,213.75662316857876,10.06041219281036,228.83074518396768,10.12406555643834,15.074122015388923,10.03020609640518,False,False,-1.0,0.30827469394148865,0.906041219281036,0.14185026288032532,True,RL + CBF
166,16.6,214.76461456064175,10.079913920629801,229.81818229595422,9.874371119865389,15.05356773531247,10.0399569603149,False,False,0.1950172781944275,-2.4969443657295125,1.004188218183544,0.1950172781944275,True,RL + CBF
167,16.7,215.77344539591152,10.088308352697672,230.80600644442808,9.878241484738595,15.032561048516556,10.044154176348837,False,False,0.08394432067871094,0.038703648732066,1.0081261703723463,0.08394432067871094,True,RL + CBF
168,16.8,216.77227623118128,9.988308352697672,231.78427720146178,9.782707570336957,15.012000970280496,9.994154176348836,False,False,-1.0,-0.9553391440163876,0.8988308352697673,0.0796215832233429,True,RL + CBF
169,16.900000000000002,217.77193981754635,9.99663586365062,232.77000640602347,9.85729204561698,14.998066588477116,9.99831793182531,False,False,0.08327510952949524,0.7458447528002221,0.9989701119783472,0.08327510952949524,True,RL + CBF
170,17.0,218.7616034039114,9.896635863650621,233.75650442243705,9.864980164135888,14.994901018525638,9.948317931825311,False,False,-1.0,0.07688118518908738,0.8896635863650622,0.11109167337417603,True,RL + CBF
171,17.1,219.75284159746994,9.912381935585321,234.7519985586777,9.954941362406613,14.999156961207774,9.956190967792661,False,False,0.15746071934700012,0.8996119827072531,0.9887588057448047,0.15746071934700012,True,RL + CBF
172,17.2,220.74593284728047,9.930912498105348,235.7545750037951,10.02576445117392,15.00864215651464,9.965456249052675,False,False,0.1853056252002716,0.7082308876730774,0.9896574323374485,0.1853056252002716,True,RL + CBF
173,17.3,221.74106536216144,9.951325148809731,236.73017753555933,9.756025317642118,14.9891121733979,9.975662574404865,False,False,0.2041265070438385,-2.697391335318018,0.9909657517931814,0.2041265070438385,True,RL + CBF
174,17.400000000000002,222.73706857066642,9.960032085049928,237.70798488357647,9.778073480171445,14.970916312910049,9.980016042524964,False,False,0.08706936240196228,0.22048162529325932,0.9952451011180844,0.08706936240196228,True,RL + CBF
175,17.5,223.72307177917142,9.860032085049928,238.67648365599106,9.684987724145772,14.953411876819644,9.930016042524965,False,False,-1.0,-0.9308575602567315,0.8860032085049929,0.09118011593818665,True,RL + CBF
176,17.6,224.71003121873406,9.869594395626367,239.64961700042042,9.731333444293679,14.939585781686361,9.934797197813182,False,False,0.09562310576438904,0.4634572014790539,0.9860450617270339,0.09562310576438904,True,RL + CBF
177,17.7,225.69809293205893,9.880617133248627,240.61789173082624,9.682747304058108,14.919798798767317,9.940308566624314,False,False,0.11022737622261047,-0.48586140235570663,0.9868467058779707,0.11022737622261047,True,RL + CBF
178,17.8,226.6761546453838,9.780617133248628,241.58307241046387,9.651806796376324,14.906917765080067,9.890308566624313,False,False,-1.0,-0.3094050768178369,0.8780617133248628,0.08195778727531433,True,RL + CBF
179,17.900000000000002,227.65535368804865,9.791990426648438,242.54717601474158,9.641036042777015,14.891822326692932,9.89599521332422,False,False,0.11373293399810791,-0.10770753599308547,0.977905524637262,0.11373293399810791,True,RL + CBF
180,18.0,228.6245527307135,9.691990426648438,243.52108905469177,9.739130399501784,14.896536323978268,9.845995213324219,False,False,-1.0,0.9809435672476814,0.8691990426648438,0.1027611792087555,True,RL + CBF
181,18.1,229.5955858699889,9.710331392753899,244.4878622112071,9.667731565153403,14.892276341218206,9.85516569637695,False,False,0.1834096610546112,-0.7139883434838012,0.9676692288985732,0.1834096610546112,True,RL + CBF
182,18.2,230.56810996819334,9.725240982044518,245.45546655530018,9.676043440930878,14.887356587106837,9.862620491022259,False,False,0.14909589290618896,0.08311875777474653,0.9703011396763025,0.14909589290618896,True,RL + CBF
183,18.3,231.54209312313284,9.739831549394905,246.4258029873933,9.703364320931257,14.883709864260453,9.869915774697454,False,False,0.14590567350387573,0.27320880000379444,0.9718543083834287,0.14590567350387573,True,RL + CBF
184,18.400000000000002,232.51758025644395,9.754871333111106,247.39706083556928,9.712578481759847,14.879480579125328,9.877435666555552,False,False,0.15039783716201782,0.09214160828590323,0.9732251823688094,0.15039783716201782,True,RL + CBF
185,18.5,233.49454270872334,9.769624522794066,248.3610272418067,9.639664062374282,14.866484533083366,9.884812261397034,False,False,0.1475318968296051,-0.7291441938556602,0.9747858862211926,0.1475318968296051,True,RL + CBF
186,18.6,234.46150516100275,9.669624522794066,249.31551801939005,9.544907775833556,14.854012858387307,9.834812261397033,False,False,-1.0,-0.9475628654072534,0.8669624522794067,0.11026117205619812,True,RL + CBF
187,18.7,235.42960296136374,9.680978003609955,250.27492154082756,9.594035214375054,14.845318579463822,9.840489001804977,False,False,0.11353480815887451,0.49127438541499213,0.9668087850946282,0.11353480815887451,True,RL + CBF
188,18.8,236.3989845378888,9.693815765250504,251.20165592420994,9.267343833823803,14.802671386321151,9.846907882625253,False,False,0.12837761640548706,-3.2669138055125115,0.967733495285655,0.12837761640548706,True,RL + CBF
189,18.900000000000002,237.35836611441385,9.593815765250504,252.13224386194247,9.305879377325274,14.773877747528616,9.796907882625252,False,False,-1.0,0.3853554350147086,0.8593815765250504,-0.03669437766075134,True,RL + CBF
190,19.0,238.3077476909389,9.493815765250504,253.0566045356941,9.243606737516336,14.74885684475521,9.746907882625251,False,False,-1.0,-0.6227263980893782,0.8493815765250505,0.03461688756942749,True,RL + CBF
191,19.1,239.2576546973088,9.499070063699067,253.98259675759263,9.259922218985194,14.724942060283837,9.749535031849533,False,False,0.05254298448562622,0.1631548146885824,0.9496309298480411,0.05254298448562622,True,RL + CBF
192,19.200000000000003,240.1975617036787,9.399070063699067,254.9026671039958,9.200703464031818,14.705105400317109,9.699535031849534,False,False,-1.0,-0.5921875495337563,0.8399070063699068,0.055650413036346436,True,RL + CBF
193,19.3,241.1382109437422,9.406492400635065,255.81798091207446,9.1531380807864,14.679769968332266,9.703246200317533,False,False,0.07422336935997009,-0.47565383245417614,0.9400983292075918,0.07422336935997009,True,RL + CBF
194,19.400000000000002,242.0688601838057,9.306492400635065,256.7324342267018,9.144533146273538,14.663574042896101,9.653246200317533,False,False,-1.0,-0.0860493451286144,0.8306492400635066,0.04693439602851868,True,RL + CBF
195,19.5,243.0003904770785,9.315302932728112,257.61705786614135,8.846236394395586,14.616667389062854,9.657651466364056,False,False,0.08810532093048096,-2.982967518779521,0.930754038515185,0.08810532093048096,True,RL + CBF
196,19.6,243.9219207703513,9.215302932728113,258.50765359047614,8.905957243347627,14.585732820124832,9.607651466364057,False,False,-1.0,0.5972084895204204,0.8215302932728114,-0.06677231192588806,True,RL + CBF
197,19.700000000000003,244.83345106362412,9.115302932728113,259.38880143504997,8.811478445738528,14.555350371425845,9.557651466364057,False,False,-1.0,-0.9447879760909927,0.8115302932728113,0.0152873694896698,True,RL + CBF
198,19.8,245.73498135689692,9.015302932728114,260.2768260882024,8.880246531524765,14.541844731305503,9.507651466364056,False,False,-1.0,0.6876808578623776,0.8015302932728114,0.01663312315940857,True,RL + CBF
199,19.900000000000002,246.63743186452473,9.024505076278032,261.1698479075694,8.930218193669994,14.532416043044691,9.512252538139016,False,False,0.09202143549919128,0.4997166214522868,0.9016037131686702,0.09202143549919128,True,RL + CBF
200,20.0,247.54096570504876,9.035338405240358,262.06368876303566,8.938408554662432,14.522723057986894,9.51766920262018,False,False,0.1083332896232605,0.08190360992437729,0.9023602303599761,0.1083332896232605,True,RL + CBF
201,20.1,248.44556650984148,9.046008047927202,262.9636088363319,8.999200732962162,14.518042326490416,9.523004023963601,False,False,0.10669642686843872,0.6079217829972936,0.9034623920420711,0.10669642686843872,True,RL + CBF
202,20.200000000000003,249.34016731463421,8.946008047927203,263.83771665465275,8.74107818320842,14.497549340018537,9.4730040239636,False,False,-1.0,-2.58122549753741,0.7946008047927203,0.1265648901462555,True,RL + CBF
203,20.3,250.23535618600485,8.951888713706316,264.7207754518015,8.830587971487441,14.48541926579665,9.475944356853159,False,False,0.058806657791137695,0.8950978827901996,0.8948430490705752,0.058806657791137695,True,RL + CBF
204,20.400000000000002,251.1314850726915,8.961288866866411,265.59917568934395,8.784002375424315,14.467690616652447,9.480644433433206,False,False,0.09400153160095215,-0.46585596063126844,0.8952452578923087,0.09400153160095215,True,RL + CBF
205,20.5,252.01761395937814,8.861288866866412,266.44614830345967,8.469726141157071,14.428534344081527,9.430644433433205,False,False,-1.0,-3.1427623426724267,0.7861288866866413,0.06901344656944275,True,RL + CBF
206,20.6,252.89374284606478,8.761288866866412,267.2657966527876,8.196483493279455,14.372053806722846,9.380644433433206,False,False,-1.0,-2.7324264787761643,0.7761288866866413,-0.03499823808670044,True,RL + CBF
207,20.700000000000003,253.75987173275144,8.661288866866412,268.08938101203796,8.23584359250349,14.329509279286526,9.330644433433207,False,False,-1.0,0.39360099224035694,0.7661288866866413,-0.13238701224327087,True,RL + CBF
208,20.8,254.61600061943807,8.561288866866413,268.90981445368516,8.204334416472195,14.29381383424709,9.280644433433206,False,False,-1.0,-0.3150917603129604,0.7561288866866414,-0.059314340353012085,True,RL + CBF
209,20.900000000000002,255.47185458715126,8.558539677131954,269.7288232708324,8.190088171472084,14.256968683681123,9.279269838565977,False,False,-0.027491897344589233,-0.1424624500011149,0.8557783872712349,-0.027491897344589233,True,RL + CBF
210,21.0,256.31770855486445,8.458539677131954,270.55036201115206,8.215387403196942,14.232653456287608,9.229269838565976,False,False,-1.0,0.2529923172485875,0.7458539677131955,-0.0358605682849884,True,RL + CBF
211,21.1,257.16377464984595,8.460660949815098,271.3334684894688,7.831064783167932,14.16969383962288,9.23033047490755,False,False,0.021212726831436157,-3.843226200290104,0.8460210970035473,0.021212726831436157,True,RL + CBF
212,21.200000000000003,257.99984074482745,8.360660949815099,272.07790946773844,7.444409782695804,14.078068722910984,9.18033047490755,False,False,-1.0,-3.866550004721287,0.73606609498151,-0.1845596432685852,True,RL + CBF
213,21.3,258.82590683980897,8.2606609498151,272.8146172844634,7.367078167249321,13.98871044465443,9.130330474907549,False,False,-1.0,-0.773316154464819,0.72606609498151,-0.37407809495925903,True,RL + CBF
214,21.400000000000002,259.6419729347905,8.1606609498151,273.52642233081616,7.118050463527415,13.884449396025673,9.08033047490755,False,False,-1.0,-2.490277037219065,0.71606609498151,-0.3660302609205246,True,RL + CBF
215,21.5,260.448039029772,8.0606609498151,274.24316614708107,7.16743816264892,13.79512711730905,9.03033047490755,False,False,-1.0,0.49387699121505024,0.7060660949815101,-0.4781036823987961,True,RL + CBF
216,21.6,261.2441051247535,7.9606609498151,274.958911698286,7.157455512049072,13.714806573532485,8.98033047490755,False,False,-1.0,-0.09982650599847775,0.6960660949815101,-0.3822861909866333,True,RL + CBF
217,21.700000000000003,262.030171219735,7.8606609498151006,275.67413732802214,7.152256297361511,13.643966108287145,8.93033047490755,False,False,-1.0,-0.05199214687561193,0.6860660949815102,-0.32938963174819946,True,RL + CBF
218,21.8,262.8062373147165,7.760660949815101,276.38741080815544,7.132734801333058,13.58117349343894,8.88033047490755,False,False,-1.0,-0.19521496028452834,0.6760660949815102,-0.27519090473651886,True,RL + CBF
219,21.900000000000002,263.572303409698,7.660660949815101,277.0914255092478,7.040147010923865,13.519122099549804,8.830330474907552,False,False,-1.0,-0.9258779040919283,0.6660660949815101,-0.2318306267261505,True,RL + CBF
220,22.0,264.32836950467953,7.560660949815102,277.78795303796295,6.965275287151412,13.459583533283421,8.78033047490755,False,False,-1.0,-0.7487172377245224,0.6560660949815103,-0.23270046710968018,True,RL + CBF
221,22.1,265.07443559966106,7.460660949815102,278.4746878519048,6.867348139418459,13.400252252243718,8.73033047490755,False,False,-1.0,-0.9792714773295361,0.6460660949815102,-0.22330978512763977,True,RL + CBF
222,22.200000000000003,265.8105016946426,7.360660949815102,279.15148302497903,6.767951730742378,13.340981330336433,8.680330474907551,False,False,-1.0,-0.9939640867608073,0.6360660949815103,-0.22739505767822266,True,RL + CBF
223,22.3,266.5365677896241,7.260660949815103,279.8363862387273,6.849032137482934,13.299818449103213,8.630330474907552,False,False,-1.0,0.8108040674055561,0.6260660949815103,-0.232438862323761,True,RL + CBF
224,22.400000000000002,267.2526338846056,7.160660949815103,280.5295949388739,6.9320870014658915,13.276961054268327,8.580330474907552,False,False,-1.0,0.8305486398295749,0.6160660949815103,-0.13950130343437195,True,RL + CBF
225,22.5,267.9586999795871,7.060660949815103,281.1859582404179,6.563633015439998,13.227258260830808,8.53033047490755,False,False,-1.0,-3.6845398602589334,0.6060660949815104,-0.056205928325653076,True,RL + CBF
226,22.6,268.6547660745686,6.960660949815104,281.8447714600079,6.588132195899982,13.190005385439292,8.480330474907552,False,False,-1.0,0.24499180459984227,0.5960660949815104,-0.19237390160560608,True,RL + CBF
227,22.700000000000003,269.34083216955014,6.860660949815104,282.51338378316507,6.686123231571797,13.172551613614928,8.430330474907553,False,False,-1.0,0.9799103567181473,0.5860660949815105,-0.1343042552471161,True,RL + CBF
228,22.8,270.0168982645317,6.7606609498151045,283.1866321145051,6.732483313400255,13.169733849973397,8.380330474907552,False,False,-1.0,0.46360081828459054,0.5760660949815105,-0.04895868897438049,True,RL + CBF
229,22.900000000000002,270.68296435951316,6.660660949815105,283.8578979204925,6.71265805987448,13.174933560979355,8.330330474907552,False,False,-1.0,-0.1982525352577582,0.5660660949815105,0.005051344633102417,True,RL + CBF
230,23.0,271.3493241745612,6.663598150480579,284.5226323298957,6.647344094031904,13.173308155334496,8.331799075240289,False,False,0.02937200665473938,-0.6531396584257543,0.6662735435705652,0.02937200665473938,True,RL + CBF
231,23.1,272.0056839896093,6.563598150480579,285.16361895105956,6.40986621163847,13.15793496145028,8.28179907524029,False,False,-1.0,-2.3747788239343426,0.556359815048058,0.004584640264511108,True,RL + CBF
232,23.200000000000003,272.65204380465735,6.463598150480579,285.7698915218779,6.062725708183851,13.11784771722057,8.23179907524029,False,False,-1.0,-3.4714050345461986,0.546359815048058,-0.05459025502204895,True,RL + CBF
233,23.3,273.28840361970543,6.36359815048058,286.3723758377322,6.0248431585426925,13.083972218026759,8.18179907524029,False,False,-1.0,-0.37882549641158003,0.5363598150480581,-0.168480783700943,True,RL + CBF
234,23.400000000000002,273.91476343475347,6.26359815048058,286.9701929276295,5.978170898973019,13.055429492876044,8.13179907524029,False,False,-1.0,-0.4667225956967296,0.5263598150480581,-0.14598456025123596,True,RL + CBF
235,23.5,274.5311232498015,6.16359815048058,287.56429935775054,5.941064301210189,13.033176107949032,8.08179907524029,False,False,-1.0,-0.37106597762830074,0.5163598150480581,-0.1285908818244934,True,RL + CBF
236,23.6,275.13748306484956,6.063598150480581,288.1557369207486,5.914375629980436,13.018253855899047,8.03179907524029,False,False,-1.0,-0.26688671229753114,0.5063598150480582,-0.10825759172439575,True,RL + CBF
237,23.700000000000003,275.7338428798976,5.963598150480581,288.74742033759225,5.916834168436108,13.013577457694623,7.981799075240291,False,False,-1.0,0.024585384556722767,0.49635981504805815,-0.08518978953361511,True,RL + CBF
238,23.8,276.3296709598235,5.958280799258543,289.3297227345613,5.823023969690339,13.000051774737813,7.979140399629271,False,False,-0.05317351222038269,-0.9381019874576986,0.5955453376856692,-0.05317351222038269,True,RL + CBF
239,23.900000000000002,276.92463152782125,5.949605679977728,289.9198455106162,5.901227760548807,12.99521398279495,7.974802839988865,False,False,-0.08675119280815125,0.7820379085846778,0.5942079910524092,-0.08675119280815125,True,RL + CBF
240,24.0,277.5190404381423,5.944089103210761,290.48040931161614,5.605638009999309,12.961368873473816,7.97204455160538,False,False,-0.055165767669677734,-2.9558975054949785,0.5941045841288176,-0.055165767669677734,True,RL + CBF
241,24.1,278.1034493484634,5.844089103210761,291.0481628990334,5.677535874172426,12.944713550569986,7.922044551605381,False,False,-1.0,0.7189786417311717,0.48440891032107614,-0.17156389355659485,True,RL + CBF
242,24.200000000000003,278.6867823812372,5.83333032773812,291.6197210438139,5.715581447804976,12.932938662576703,7.916665163869061,False,False,-0.10758775472640991,0.3804557363254957,0.5821755202771051,-0.10758775472640991,True,RL + CBF
243,24.3,279.2692150736327,5.824326923955276,292.19384536934484,5.741243255309247,12.92463029571212,7.912163461977638,False,False,-0.09003403782844543,0.2566180750427143,0.5816220795987582,-0.09003403782844543,True,RL + CBF
244,24.400000000000002,279.8508681143268,5.816530406940773,292.75815666643507,5.643112970902551,12.907288552108298,7.908265203470386,False,False,-0.07796517014503479,-0.9813028440669684,0.5810451839185029,-0.07796517014503479,True,RL + CBF
245,24.5,280.42252115502083,5.716530406940773,293.318696847808,5.605401813729043,12.896175692787153,7.858265203470387,False,False,-1.0,-0.37711157173507437,0.4716530406940773,-0.11320438981056213,True,RL + CBF
246,24.6,280.99321225751254,5.706911024916962,293.88756514624197,5.688682984339822,12.89435288872943,7.853455512458481,False,False,-0.0961938202381134,0.8328117061077955,0.5697657773864959,-0.0961938202381134,True,RL + CBF
247,24.700000000000003,281.5632699798892,5.70057722376664,294.451381365408,5.6381621916602995,12.888111385518812,7.85028861188332,False,False,-0.0633380115032196,-0.5052079267952292,0.5696565520065457,-0.0633380115032196,True,RL + CBF
248,24.8,282.13253115443575,5.692611745465592,295.02383480690673,5.724534414987608,12.891303652470981,7.8463058727327955,False,False,-0.07965478301048279,0.8637222332730812,0.5686266861009145,-0.07965478301048279,True,RL + CBF
249,24.900000000000002,282.7013215765643,5.687904221285179,295.6031748473768,5.79340040470075,12.901853270812524,7.84395211064259,False,False,-0.047075241804122925,0.6886598971314264,0.5685688142894263,-0.047075241804122925,True,RL + CBF
250,25.0,283.2698846317089,5.685630551446274,296.1770728936459,5.738980462691014,12.907188261936994,7.842815275723137,False,False,-0.022736698389053345,-0.5441994200973661,0.568511359399264,-0.022736698389053345,True,RL + CBF
251,25.1,283.8380476169015,5.681629851926163,296.7155171346407,5.384442409947952,12.8774695177392,7.840814925963082,False,False,-0.04000699520111084,-3.5453805274306225,0.5680029292261142,-0.04000699520111084,True,RL + CBF
252,25.200000000000003,284.40449145840546,5.664438415039376,297.24745669316263,5.3193955852192145,12.842965234757173,7.832219207519688,False,False,-0.17191436886787415,-0.6504682472873768,0.5634883864816136,-0.17191436886787415,True,RL + CBF
253,25.3,284.9689912279609,5.644997695554093,297.7776679799846,5.302112868219447,12.8086767520237,7.822498847777046,False,False,-0.19440719485282898,-0.17282716999767733,0.5607203538143547,-0.19440719485282898,True,RL + CBF
254,25.400000000000002,285.5234909975163,5.544997695554093,298.3015818747719,5.239138947873252,12.778090877255579,7.7724988477770465,False,False,-1.0,-0.6297392034619387,0.4544997695554094,-0.19606953859329224,True,RL + CBF
255,25.5,286.0761168322067,5.526258346904115,298.8203028820562,5.18721007284308,12.744186049849475,7.763129173452057,False,False,-0.18739348649978638,-0.5192887503017223,0.549114202812157,-0.18739348649978638,True,RL + CBF
256,25.6,286.6187426668971,5.426258346904115,299.3360036412849,5.157007592287238,12.717260974387784,7.7131291734520575,False,False,-1.0,-0.30202480555842226,0.4426258346904115,-0.20380252599716187,True,RL + CBF
257,25.700000000000003,287.15955008755503,5.408074206579522,299.8162806739328,4.802770326479314,12.656730586377762,7.704037103289761,False,False,-0.1818414032459259,-3.5423726580792483,0.5375007910645075,-0.1818414032459259,True,RL + CBF
258,25.8,287.69035750821297,5.308074206579523,300.2965027084479,4.80222034515142,12.606145200234948,7.654037103289761,False,False,-1.0,-0.005499813278937449,0.4308074206579523,-0.3351201266050339,True,RL + CBF
259,25.900000000000002,288.2111649288709,5.208074206579523,300.77021914596526,4.737164375173204,12.559054217094342,7.604037103289762,False,False,-1.0,-0.650559699782155,0.4208074206579524,-0.2955096662044525,True,RL + CBF
260,26.0,288.72197234952887,5.1080742065795235,301.25387065198674,4.836515060214847,12.531898302457876,7.554037103289762,False,False,-1.0,0.99350685041642,0.4108074206579524,-0.2870562821626663,True,RL + CBF
261,26.1,289.22277977018683,5.008074206579524,301.73940961048487,4.855389584981042,12.516629840298037,7.504037103289762,False,False,-1.0,0.18874524766195555,0.4008074206579524,-0.2093939483165741,True,RL + CBF
262,26.200000000000003,289.7218808332465,4.9910106305964765,302.23297982067635,4.935702101914906,12.511098987429875,7.495505315298239,False,False,-0.17063575983047485,0.8031251693386425,0.4961894068063553,-0.17063575983047485,True,RL + CBF
263,26.3,290.2196130365978,4.977322033513385,302.7171985573741,4.8421873669777975,12.497585520776283,7.4886610167566925,False,False,-0.13688597083091736,-0.9351473493710858,0.4958584264503062,-0.13688597083091736,True,RL + CBF
264,26.400000000000002,290.7156767095446,4.960636729467708,303.1627247283727,4.455261709986242,12.447048018828127,7.480318364733854,False,False,-0.16685304045677185,-3.8692565699155472,0.49327967923580385,-0.16685304045677185,True,RL + CBF
265,26.5,291.2017403824914,4.860636729467708,303.6057595960347,4.430348676619814,12.404019213543336,7.4303183647338535,False,False,-1.0,-0.2491303336642845,0.3860636729467708,-0.3208003491163254,True,RL + CBF
266,26.6,291.6778040554382,4.760636729467708,304.0421541295607,4.363945335259737,12.364350074122513,7.380318364733855,False,False,-1.0,-0.6640334136007702,0.3760636729467709,-0.29516978561878204,True,RL + CBF
267,26.700000000000003,292.1438677283849,4.660636729467709,304.4838981604639,4.417440309032339,12.340030432079004,7.330318364733854,False,False,-1.0,0.5349497377260262,0.3660636729467709,-0.2882676124572754,True,RL + CBF
268,26.8,292.607594995518,4.637272671330769,304.92829450770273,4.443963472387939,12.320699512184717,7.318636335665385,False,False,-0.23364058136940002,0.26523163355599455,0.45826847500681384,-0.23364058136940002,True,RL + CBF
269,26.900000000000002,293.0691526392761,4.615576437581379,305.37222850161197,4.439339939092178,12.303075862335845,7.307788218790689,False,False,-0.21696233749389648,-0.046235332957613284,0.4568503781690564,-0.21696233749389648,True,RL + CBF
270,27.0,293.52071028303425,4.515576437581379,305.783222617232,4.109941156200542,12.262512334197766,7.25778821879069,False,False,-1.0,-3.2939878289163502,0.3515576437581379,-0.21264496445655823,True,RL + CBF
271,27.1,293.9691653613846,4.48455078350385,306.1988185570739,4.155959398418563,12.229653195689252,7.2422753917519245,False,False,-0.3102565407752991,0.46018242218020866,0.43882916624099955,-0.3102565407752991,True,RL + CBF
272,27.200000000000003,294.407620439735,4.38455078350385,306.6135625952375,4.147440381636449,12.205942155502498,7.1922753917519255,False,False,-1.0,-0.08519016782113664,0.338455078350385,-0.2821471244096756,True,RL + CBF
273,27.3,294.8435394490797,4.359190093446572,306.98852440807724,3.749618128397145,12.144984958997554,7.179595046723286,False,False,-0.2536069005727768,-3.9782225323930422,0.4294873633428442,-0.2536069005727768,True,RL + CBF
274,27.400000000000002,295.26945845842437,4.2591900934465725,307.35988527767853,3.7136086960126806,12.090426819254162,7.129595046723287,False,False,-1.0,-0.36009432384464324,0.32591900934465723,-0.41295112669467926,True,RL + CBF
275,27.5,295.685377467769,4.159190093446573,307.72565083180297,3.657655541244512,12.040273364033965,7.079595046723286,False,False,-1.0,-0.559531547681688,0.31591900934465733,-0.39180414378643036,True,RL + CBF
276,27.6,296.09129647711364,4.059190093446573,308.09189430864075,3.6624347683777385,12.000597831527102,7.029595046723287,False,False,-1.0,0.04779227133226338,0.3059190093446573,-0.379982128739357,True,RL + CBF
277,27.700000000000003,296.4872154864583,3.959190093446573,308.4574149411565,3.6552063251577978,11.970199454698218,6.979595046723286,False,False,-1.0,-0.07228443219940872,0.2959190093446573,-0.34314529597759247,True,RL + CBF
278,27.8,296.87313449580296,3.859190093446573,308.78918560124214,3.3177066008562077,11.91605110543918,6.9295950467232865,False,False,-1.0,-3.374997243015901,0.2859190093446573,-0.31314845383167267,True,RL + CBF
279,27.900000000000002,297.24905350514763,3.759190093446573,309.1244332414881,3.3524764024595815,11.875379736340449,6.879595046723287,False,False,-1.0,0.3476980160337353,0.2759190093446573,-0.4170026034116745,True,RL + CBF
280,28.0,297.6149725144923,3.659190093446573,309.4522875973531,3.278543558650452,11.837315082860812,6.829595046723286,False,False,-1.0,-0.7393284380912915,0.2659190093446573,-0.3676934987306595,True,RL + CBF
281,28.1,297.97725372317325,3.6228120868094766,309.7505235996624,2.98236002309285,11.773269876489167,6.811406043404738,False,False,-0.36378006637096405,-2.961835355576021,0.3490476150120614,-0.36378006637096405,True,RL + CBF
282,28.200000000000003,298.3295349318542,3.5228120868094766,310.0390116773123,2.8848807764988256,11.709476745458119,6.7614060434047385,False,False,-1.0,-0.9747924659402474,0.2522812086809477,-0.4773591011762619,True,RL + CBF
283,28.3,298.67181614053516,3.4228120868094765,310.3312359194953,2.922242421830224,11.65941977896017,6.711406043404738,False,False,-1.0,0.37361645331398363,0.24228120868094769,-0.48346930742263794,True,RL + CBF
284,28.400000000000002,299.0040973492161,3.3228120868094764,310.6317559354132,3.0052001591786106,11.627658586197072,6.661406043404738,False,False,-1.0,0.8295773734838685,0.23228120868094768,-0.4311445504426956,True,RL + CBF
285,28.5,299.32637855789704,3.2228120868094763,310.9223807480841,2.906248126708904,11.59600219018705,6.611406043404738,False,False,-1.0,-0.9895203246970683,0.22228120868094767,-0.36440810561180115,True,RL + CBF
286,28.6,299.638659766578,3.122812086809476,311.22019191687696,2.978111687928424,11.581532150298983,6.561406043404738,False,False,-1.0,0.7186356121952,0.21228120868094766,-0.3696128875017166,True,RL + CBF
287,28.700000000000003,299.9478095680576,3.0914980147965747,311.52098616961206,3.0079425273509197,11.57317660155445,6.545749007398287,False,False,-0.31314072012901306,0.2983083942249558,0.29934409041936577,-0.31314072012901306,True,RL + CBF
288,28.8,300.25401484569613,3.062052776385148,311.82335041394293,3.0236424433087596,11.5693355682468,6.531026388192574,False,False,-0.29445238411426544,0.15699915957840105,0.29753505698745736,-0.29445238411426544,True,RL + CBF
289,28.900000000000002,300.557406909271,3.033920635748704,312.12692525808455,3.035748441415971,11.569518348813574,6.516960317874352,False,False,-0.2813214063644409,0.12105998107211757,0.29547789020698373,-0.2813214063644409,True,RL + CBF
290,29.0,300.8580997830637,3.0069287379272778,312.4275486948305,3.006234367459253,11.569448911766756,6.503464368963639,False,False,-0.2699189782142639,-0.29514073956718234,0.2934072483127046,-0.2699189782142639,True,RL + CBF
291,29.1,301.15607301746576,2.9797323440202077,312.7220728812966,2.945241864660994,11.565999863830825,6.489866172010104,False,False,-0.2719639390707016,-0.6099250279825854,0.2905767959865356,-0.2719639390707016,True,RL + CBF
292,29.200000000000003,301.45120690548873,2.951338880229791,313.01238912268644,2.90316241389837,11.561182217197711,6.4756694401148955,False,False,-0.2839346379041672,-0.42079450762624515,0.2870720001628021,-0.2839346379041672,True,RL + CBF
293,29.3,301.7434437036429,2.9223679815419517,313.301260110663,2.8887098797655852,11.557816407020084,6.461183990770976,False,False,-0.2897089868783951,-0.14452534132784756,0.2838436684463846,-0.2897089868783951,True,RL + CBF
294,29.400000000000002,302.03281551394696,2.8937181030400594,313.58720179589295,2.859416852299183,11.554386281945995,6.44685905152003,False,False,-0.2864987850189209,-0.2929302746640192,0.28116365492227413,-0.2864987850189209,True,RL + CBF
295,29.5,302.31930667855863,2.8649116461165747,313.8784891712913,2.9128737539835363,11.559182492732646,6.432455823058287,False,False,-0.288064569234848,0.5345690168435331,0.27819304500681163,-0.288064569234848,True,RL + CBF
296,29.6,302.6031588475229,2.8385216896422705,314.17444144804415,2.9595227675288216,11.571282600521272,6.419260844821135,False,False,-0.263899564743042,0.466490135452855,0.27688787093707035,-0.263899564743042,True,RL + CBF
297,29.700000000000003,302.8845780949583,2.8141924743541082,314.4648216588152,2.9038021077104617,11.580243563856925,6.407096237177054,False,False,-0.24329215288162231,-0.5572065981835979,0.2755001402700334,-0.24329215288162231,True,RL + CBF
298,29.8,303.16346569053917,2.7888759558089573,314.74918082805476,2.843591692395875,11.585715137515592,6.394437977904479,False,False,-0.25316518545150757,-0.6021041531458666,0.2724783344684261,-0.25316518545150757,True,RL + CBF
299,29.900000000000002,303.43971017551695,2.7624448497780163,315.0010816492785,2.519008212237342,11.56137147376154,6.381222424889009,False,False,-0.2643110603094101,-3.2458348015853318,0.26925845131761317,-0.2643110603094101,True,RL + CBF
300,30.0,303.71233613731425,2.7262596179731684,315.2152008778829,2.14119228604419,11.502864740568668,6.363129808986584,False,False,-0.3618523180484772,-3.7781592619315187,0.2595322517896112,-0.3618523180484772,True,RL + CBF
